,index,Player,Age,AB,H,R,RBI,HR,SB,R$
1287,0,"Betts, Mookie ",25,520,180,129,80,32,30,52
0,0,"Altuve, Jose ",26,640,216,108,96,24,30,47
1605,0,"Yelich, Christian ",26,574,187,118,110,36,22,47
1288,1,"Martinez, J.D. ",30,569,188,111,130,43,6,47
646,0,"Altuve, Jose ",27,590,204,112,81,24,32,46
1,1,"Betts, Mookie ",23,672,214,122,113,31,26,45
326,0,"Villar, Jonathan ",25,589,168,92,63,19,62,44
1290,3,"Ramirez, Jose ",25,578,156,110,105,39,34,44
1289,2,"Merrifield, Whit ",29,632,192,88,60,12,45,44
1606,1,"Story, Trevor ",25,598,174,88,108,37,27,43
1291,4,"Trout, Mike ",26,471,147,101,79,39,24,43
2,2,"Trout, Mike ",24,549,173,123,100,29,30,42
969,0,"Blackmon, Charlie ",31,644,213,137,104,37,14,41
970,1,"Gordon, Dee ",29,653,201,114,33,2,60,41
327,1,"Segura, Jean ",26,637,203,102,64,20,33,41
328,2,"Marte, Starling ",27,489,152,71,46,9,47,39
1292,5,"Lindor, Francisco ",24,661,183,129,92,38,25,39
1607,2,"Baez, Javier ",25,606,176,101,111,34,21,39
329,3,"Goldschmidt, Paul ",28,579,172,106,95,24,32,38
1608,3,"Turner, Trea ",25,664,180,103,73,19,43,38
1609,4,"Machado, Manny ",25,632,188,84,107,37,14,37
330,4,"Blackmon, Charlie ",30,578,187,111,82,29,17,37
971,2,"Goldschmidt, Paul ",29,558,166,117,120,36,18,36
331,5,"Murphy, Daniel ",31,531,184,88,104,25,5,36
647,1,"Ramirez, Jose ",24,585,186,107,83,29,17,35
3,3,"Ortiz, David ",40,537,169,79,127,38,2,34
332,6,"Votto, Joey ",32,556,181,101,97,29,8,34
1611,6,"Marte, Starling ",29,559,155,81,72,20,33,33
1610,5,"Freeman, Freddie ",28,618,191,94,98,23,10,33
4,4,"Cabrera, Miguel ",33,595,188,92,108,38,0,33
333,7,"Nunez, Eduardo ",29,553,159,73,67,16,40,33
975,6,"Votto, Joey ",33,559,179,106,100,36,5,32
972,3,"Arenado, Nolan ",26,606,187,100,130,37,3,32
973,4,"Ozuna, Marcell ",26,613,191,93,124,37,1,32
974,5,"Stanton, Giancarlo ",27,597,168,123,132,59,2,32
648,2,"Andrus, Elvis ",28,643,191,100,88,20,25,32
336,10,"Turner, Trea ",23,307,105,53,40,13,33,32
650,4,"Merrifield, Whit ",28,587,169,80,78,19,34,32
649,3,"Judge, Aaron ",25,542,154,128,114,52,9,32
1612,7,"Cain, Lorenzo ",32,539,166,90,38,10,30,32
334,8,"Braun, Ryan J",32,511,156,80,91,30,16,32
335,9,"LeMahieu, DJ ",27,552,192,104,66,11,11,32
1294,7,"Bregman, Alex ",24,594,170,105,103,31,10,32
1293,6,"Benintendi, Andrew ",23,579,168,103,87,16,21,32
337,11,"Arenado, Nolan ",25,618,182,116,133,41,2,31
1613,8,"Arenado, Nolan ",27,590,175,104,110,38,2,31
1296,9,"Smith, Mallex ",25,480,142,65,40,2,40,31
651,5,"Trout, Mike ",25,402,123,92,72,33,22,31
1295,8,"Altuve, Jose ",28,534,169,84,61,13,17,31
976,7,"Pham, Thomas ",29,444,136,95,73,23,25,31
977,8,"Turner, Trea ",24,412,117,75,45,11,46,31
1297,10,"Brantley, Michael C",31,570,176,89,76,17,12,30
978,9,"Martinez, J.D. ",29,428,131,85,104,45,4,30
338,12,"Bryant, Kris ",24,603,176,121,102,39,8,30
5,5,"Dozier, Brian ",29,615,165,104,99,42,18,30
339,13,"Freeman, Freddie ",26,589,178,102,91,34,6,29
6,6,"Desmond, Ian ",30,625,178,107,86,22,21,29
7,7,"Ramirez, Jose ",23,565,176,84,76,11,22,29
652,6,"Hosmer, Eric ",27,603,192,98,94,25,6,29
340,14,"Hamilton, Billy ",25,411,107,69,17,3,58,29
1298,11,"Segura, Jean ",28,586,178,91,63,10,20,29
1617,12,"Peraza, Jose ",24,632,182,85,58,14,23,28
8,8,"Cano, Robinson ",33,655,195,107,103,39,0,28
653,7,"Abreu, Jose ",30,616,186,94,102,33,3,28
9,9,"Cruz, Nelson R",36,589,169,96,105,43,2,28
341,15,"Myers, Wil ",25,599,155,99,94,28,28,28
1616,11,"Goldschmidt, Paul ",30,593,172,95,83,33,7,28
1614,9,"Blackmon, Charlie ",32,626,182,119,70,29,12,28
10,10,"Lindor, Francisco ",22,604,182,99,78,15,19,28
1300,13,"Bogaerts, Xander ",25,513,148,72,103,23,8,28
1299,12,"Andujar, Miguel ",23,573,170,83,92,27,2,28
1615,10,"Gennett, Scooter ",28,584,181,86,92,23,4,28
979,10,"Hamilton, Billy ",26,582,144,85,38,4,59,28
1301,14,"Haniger, Mitch ",27,596,170,90,93,26,8,28
1618,13,"Acuna, Ronald ",20,433,127,78,64,26,16,27
980,11,"Inciarte, Ender ",26,662,201,93,57,11,22,27
981,12,"Zimmerman, Ryan W",32,524,159,90,108,36,1,27
1303,16,"Stanton, Giancarlo ",28,617,164,102,100,38,5,27
1302,15,"Castellanos, Nick ",26,620,185,88,89,23,2,27
13,13,"Kinsler, Ian M",34,618,178,117,83,28,14,27
12,12,"Bogaerts, Xander ",23,652,192,115,89,21,13,27
654,8,"Betts, Mookie ",24,628,166,101,102,24,26,27
655,9,"Cain, Lorenzo ",31,584,175,86,49,15,26,27
656,10,"Nunez, Eduardo ",30,467,146,60,58,12,24,27
14,14,"Ramirez, Hanley ",32,549,157,81,111,30,9,27
11,11,"Beltre, Adrian ",37,583,175,89,104,32,1,27
1620,15,"Rendon, Anthony ",28,529,163,88,92,24,2,26
15,15,"Andrus, Elvis ",27,506,153,75,69,8,24,26
16,16,"Donaldson, Josh ",30,577,164,122,99,37,7,26
17,17,"Pedroia, Dustin L",32,633,201,105,74,15,7,26
1619,14,"Peralta, David ",30,560,164,75,87,30,4,26
658,12,"Garcia, Avisail ",26,513,168,75,77,18,5,26
982,13,"Murphy, Daniel ",32,534,172,94,93,23,2,26
344,18,"Yelich, Christian ",24,578,172,78,98,21,9,26
1304,17,"Davis, Khristopher ",30,576,142,98,123,48,0,26
1305,18,"Rosario, Eddie ",26,559,161,87,77,24,8,26
1306,19,"Villar, Jonathan ",27,466,121,54,46,14,35,26
657,11,"Cruz, Nelson R",37,556,160,91,119,39,1,26
659,13,"Lindor, Francisco ",23,651,178,99,89,33,15,26
660,14,"Upton, Justin ",29,553,151,99,109,35,13,26
343,17,"Rizzo, Anthony ",26,583,170,94,109,32,3,26
342,16,"Perez, Hernan ",25,404,110,50,56,13,34,26
1621,16,"Rizzo, Anthony ",28,566,160,74,101,25,6,25
1622,17,"Suarez, Eugenio ",26,527,149,79,104,34,1,25
346,20,"Seager, Corey ",22,627,193,105,72,26,3,25
345,19,"Herrera, Odubel ",24,583,167,87,49,15,25,25
20,20,"Odor, Rougned ",22,605,164,89,88,33,14,25
18,18,"Encarnacion, Edwin ",33,601,158,99,127,42,2,25
983,14,"Harper, Bryce ",24,420,134,95,87,29,4,25
984,15,"Rendon, Anthony ",27,508,153,81,100,25,7,25
661,15,"Dozier, Brian ",30,617,166,106,93,34,16,25
19,19,"Machado, Manny ",23,640,188,105,96,37,0,25
1307,20,"Mondesi, Adalberto (Raul)",22,275,76,47,37,14,32,25
1623,18,"Inciarte, Ender ",27,597,158,83,61,10,28,24
1309,22,"Wendle, Joe ",28,487,146,62,61,7,16,24
1308,21,"Gregorius, Didi ",28,504,135,89,86,27,10,24
347,21,"Gonzalez, Carlos ",30,584,174,87,100,25,2,24
987,18,"Turner, Justin M",32,457,147,72,71,21,7,24
662,16,"Gonzalez, Marwin ",28,455,138,67,90,23,8,24
663,17,"Schoop, Jonathan ",25,622,182,92,105,32,1,24
985,16,"Rizzo, Anthony ",27,572,156,99,109,32,10,24
986,17,"Santana, Domingo ",24,525,146,88,85,30,15,24
26,26,"Trumbo, Mark ",30,613,157,94,108,47,2,23
1310,23,"Pham, Thomas ",30,494,136,102,63,21,15,23
668,22,"Segura, Jean ",27,524,157,80,45,11,22,23
25,25,"Pujols, Albert ",36,593,159,71,119,31,4,23
24,24,"Kipnis, Jason ",29,610,168,91,82,23,15,23
23,23,"Davis, Rajai ",35,454,113,74,48,12,43,23
22,22,"Beltran, Carlos ",39,552,163,73,93,29,1,23
21,21,"Abreu, Jose Dariel",29,624,183,67,100,25,0,23
667,21,"Rosario, Eddie ",25,542,157,79,78,27,9,23
1624,19,"Aguilar, Jesus ",28,492,135,80,108,35,0,23
993,24,"Taylor, Chris ",26,514,148,85,72,21,17,23
992,23,"Shaw, Travis ",27,538,147,84,101,31,10,23
991,22,"McCutchen, Andrew ",30,570,159,94,88,28,11,23
990,21,"Freeman, Freddie ",27,440,135,84,71,28,8,23
989,20,"Bryant, Kris ",25,549,162,111,73,29,7,23
1625,20,"Harper, Bryce ",25,550,137,103,100,34,13,23
1311,24,"Simmons, Andrelton ",28,554,162,68,75,11,10,23
988,19,"Bellinger, Cody ",21,480,128,87,97,39,10,23
664,18,"Benintendi, Andrew ",22,573,155,84,90,20,20,23
994,25,"Yelich, Christian ",25,602,170,100,81,18,16,23
666,20,"Reddick, Josh ",30,477,150,77,82,13,7,23
665,19,"Bregman, Alex ",23,556,158,88,71,19,17,23
1626,21,"Markakis, Nick ",34,623,185,78,93,14,1,22
669,23,"Correa, Carlos ",22,422,133,82,84,24,2,22
1313,26,"Upton, Justin ",30,533,137,80,85,30,8,22
670,24,"Springer, George ",27,548,155,112,85,34,5,22
1312,25,"Gurriel, Yulieski ",34,537,156,70,85,13,5,22
27,27,"Correa, Carlos ",21,577,158,76,96,20,13,22
28,28,"Seager, Kyle ",28,597,166,89,99,30,3,22
1627,22,"Albies, Ozzie ",21,639,167,105,72,24,14,21
1630,25,"Puig, Yasiel ",27,405,108,60,63,23,15,21
672,26,"Simmons, Andrelton ",27,589,164,77,69,14,19,21
671,25,"Gardner, Brett ",33,594,157,96,63,21,23,21
995,26,"Gennett, Scooter ",27,461,136,80,97,27,3,21
996,27,"Posey, Buster ",30,494,158,62,67,12,6,21
1628,23,"Bellinger, Cody ",22,557,145,84,76,25,14,21
1629,24,"Martinez, Jose ",29,534,163,64,83,17,0,21
1315,28,"Cruz, Nelson R",38,519,133,70,97,37,1,21
1318,31,"Ohtani, Shohei ",23,326,93,59,61,22,10,21
1314,27,"Anderson, Tim ",25,567,136,77,64,20,26,21
1316,29,"Gordon, Dee ",30,556,149,62,36,4,30,21
1317,30,"Judge, Aaron ",26,413,115,77,67,27,6,21
29,29,"Lucroy, Jonathan ",30,490,143,67,81,24,5,21
997,28,"Puig, Yasiel ",26,499,131,72,74,28,15,20
351,25,"Ramos, Wilson ",28,482,148,58,80,22,0,20
350,24,"Polanco, Gregory ",24,527,136,79,86,22,17,20
348,22,"Kemp, Matt ",31,623,167,89,108,35,1,20
1631,26,"Dickerson, Corey ",29,504,151,65,55,13,8,20
673,27,"Gregorius, Didi ",27,534,153,73,87,25,3,20
674,28,"Sanchez, Gary ",24,471,131,79,90,33,2,20
1632,27,"Ozuna, Marcell ",27,582,163,69,88,23,3,20
32,32,"Martinez, Victor ",37,553,160,65,86,27,0,20
31,31,"Longoria, Evan ",30,633,173,81,98,36,0,20
30,30,"Bradley, Jackie ",26,558,149,94,87,26,9,20
349,23,"Phillips, Brandon ",35,550,160,74,64,11,14,20
1633,28,"Soto, Juan ",19,414,121,77,70,22,5,20
1319,32,"Encarnacion, Edwin ",35,500,123,74,107,32,3,20
1321,34,"Torres, Gleyber ",21,431,117,54,77,24,6,20
1320,33,"Piscotty, Stephen ",27,546,146,78,88,27,2,20
679,33,"Gurriel, Yulieski ",33,529,158,69,75,18,3,19
1638,33,"Polanco, Gregory ",26,461,117,75,81,23,12,19
353,27,"Harper, Bryce ",23,506,123,84,86,24,21,19
33,33,"Cabrera, Melky ",31,591,175,70,86,14,2,19
34,34,"Eaton, Adam ",27,619,176,91,59,14,14,19
35,35,"Martinez, J.D. ",28,460,141,69,68,22,1,19
36,36,"Santana, Carlos ",30,582,151,89,87,34,5,19
37,37,"Springer, George ",26,644,168,116,82,29,9,19
998,29,"LeMahieu, DJ ",28,609,189,95,64,8,6,19
1637,32,"Muncy, Max ",27,395,104,75,79,35,3,19
355,29,"Realmuto, Jacob ",25,509,154,60,48,11,12,19
999,30,"Myers, Wil ",26,567,138,80,74,30,20,19
1000,31,"Seager, Corey ",23,539,159,85,77,22,4,19
1322,35,"Chapman, Matt ",25,547,152,100,68,24,1,19
1323,36,"Hicks, Aaron ",28,480,119,90,79,27,11,19
1324,37,"Jones, Adam L",32,580,163,54,63,15,7,19
1325,38,"Lowrie, Jed ",34,596,159,78,99,23,0,19
354,28,"Piscotty, Stephen ",25,582,159,86,85,22,7,19
352,26,"Cespedes, Yoenis ",30,479,134,72,86,31,3,19
356,30,"Rendon, Anthony ",26,567,153,91,85,20,12,19
677,31,"Davis, Khristopher ",29,566,140,91,110,43,4,19
1634,29,"Carpenter, Matt ",32,564,145,111,81,36,4,19
1635,30,"Desmond, Ian ",32,555,131,82,88,22,20,19
1636,31,"Kemp, Matt ",33,462,134,62,85,21,0,19
682,36,"Smoak, Justin ",30,560,151,85,90,38,0,19
681,35,"Mancini, Trey ",25,543,159,65,78,24,1,19
680,34,"Machado, Manny ",24,630,163,81,95,33,9,19
678,32,"Encarnacion, Edwin ",34,554,143,96,107,38,2,19
357,31,"Turner, Justin M",31,556,153,79,90,27,4,19
1326,39,"McCutchen, Andrew ",31,569,145,83,65,20,14,19
676,30,"Castellanos, Nick ",25,610,166,73,101,26,4,19
675,29,"Buxton, Byron ",23,462,117,69,51,16,29,19
1329,42,"Semien, Marcus ",27,632,161,89,70,15,14,18
1639,34,"Escobar, Eduardo ",29,566,154,75,84,23,2,18
1327,40,"Duffy, Matt ",27,503,148,59,44,4,12,18
1330,43,"Springer, George ",28,544,144,102,71,22,6,18
1643,38,"Rosario, Amed ",22,554,142,76,51,9,24,18
1001,32,"Baez, Javier ",24,469,128,75,75,23,10,18
1002,33,"Cozart, Zack ",31,438,130,80,63,24,3,18
1642,37,"Pollock, A.J. ",30,413,106,61,65,21,13,18
683,37,"Cano, Robinson ",34,592,166,79,97,23,1,18
686,40,"Phillips, Brandon ",36,572,163,81,60,13,11,18
1641,36,"Hoskins, Rhys ",25,558,137,89,96,34,5,18
1640,35,"Hernandez, Cesar ",28,605,153,91,60,15,19,18
684,38,"Jones, Adam L",31,597,170,82,73,26,2,18
1328,41,"Profar, Jurickson ",25,524,133,82,77,20,10,18
685,39,"Moustakas, Mike ",28,555,151,75,85,38,0,18
39,39,"Hosmer, Eric ",26,605,161,80,104,25,5,18
38,38,"Davis, Khristopher ",28,555,137,85,102,42,1,18
358,32,"Harrison, Josh ",28,487,138,57,59,4,19,18
359,33,"Hernandez, Cesar ",26,547,161,67,39,6,17,18
360,34,"Prado, Martin M",32,600,183,70,75,8,2,18
40,40,"Upton, Melvin ",31,492,117,64,61,20,27,18
1645,40,"Ramos, Wilson ",30,382,117,39,70,15,0,17
361,35,"Bruce, Jay ",29,539,135,74,99,33,4,17
689,43,"Dickerson, Corey ",28,588,166,84,62,27,4,17
1646,41,"Realmuto, Jacob ",27,477,132,74,74,21,3,17
1647,42,"Zobrist, Ben ",37,455,139,67,58,9,3,17
690,44,"Mauer, Joe ",34,525,160,69,71,7,2,17
362,36,"Diaz, Aledmys ",25,404,121,71,65,17,4,17
1331,44,"Choo, Shin-Soo ",35,560,148,83,62,21,6,17
366,40,"Tomas, Yasmany ",25,530,144,72,83,31,2,17
363,37,"Peraza, Jose ",22,241,78,25,25,3,21,17
365,39,"Story, Trevor ",23,372,101,67,72,27,8,17
1644,39,"Moustakas, Mike ",29,573,144,66,95,28,4,17
41,41,"Dyson, Jarrod ",31,299,83,46,25,1,30,17
1003,34,"Bour, Justin ",29,377,109,52,83,25,1,17
687,41,"Beltre, Adrian ",38,340,106,47,71,17,1,17
688,42,"Choo, Shin-Soo ",34,544,142,96,78,22,12,17
1007,38,"Taylor, Michael ",26,399,108,55,53,19,17,17
1006,37,"Reynolds, Mark A",33,520,139,82,97,30,2,17
42,42,"Frazier, Todd ",30,590,133,89,98,40,15,17
1004,35,"Molina, Yadier ",34,501,137,60,82,18,9,17
1005,36,"Peralta, David ",29,525,154,82,57,14,8,17
48,48,"Upton, Justin ",28,570,140,81,87,31,9,17
47,47,"Orlando, Paulo ",30,457,138,52,43,5,14,17
46,46,"Morales, Kendrys ",33,558,147,65,93,30,0,17
45,45,"Maybin, Cameron ",29,349,110,65,43,4,15,17
44,44,"Jones, Adam L",30,619,164,86,83,29,2,17
43,43,"Gregorius, Didi ",26,562,155,68,70,20,7,17
364,38,"Posey, Buster ",29,539,155,82,80,14,6,17
370,44,"Owings, Christopher ",24,437,121,52,49,5,21,16
369,43,"Molina, Yadier ",33,534,164,56,58,8,3,16
368,42,"Gonzalez, Adrian ",34,568,162,69,90,18,0,16
367,41,"Cabrera, Asdrubal ",30,521,146,65,62,23,5,16
371,45,"Pagan, Angel ",35,495,137,71,55,12,15,16
1013,44,"Reyes, Jose B",34,501,123,75,58,15,24,16
1333,46,"Cron, C.J. ",28,501,127,68,74,30,1,16
1332,45,"Abreu, Jose ",31,499,132,68,78,22,2,16
1651,46,"Shaw, Travis ",28,498,120,73,86,32,5,16
1650,45,"LeMahieu, DJ ",29,533,147,90,62,15,6,16
1649,44,"Hamilton, Billy ",27,504,119,74,29,4,34,16
1648,43,"Braun, Ryan J",34,405,103,59,64,20,11,16
1011,42,"Lamb, Jacob ",26,536,133,89,105,30,6,16
1008,39,"Arcia, Orlando ",22,506,140,56,53,15,14,16
1009,40,"Hernandez, Cesar ",27,511,150,85,34,9,15,16
1010,41,"Kendrick, Howie ",33,305,96,40,41,9,12,16
1012,43,"Pollock, A.J. ",29,425,113,73,49,14,20,16
694,48,"Cabrera, Melky ",32,615,174,76,81,16,1,16
691,45,"Beckham, Tim ",27,533,148,67,62,22,6,16
697,51,"Souza, Steven ",28,523,125,78,78,30,16,16
692,46,"Bogaerts, Xander ",24,571,156,94,62,10,15,16
1652,47,"Turner, Justin M",33,365,114,62,52,14,2,16
1335,48,"Olson, Matt ",24,580,143,85,84,29,2,16
1336,49,"Pillar, Kevin ",29,512,129,65,59,15,14,16
49,49,"Cain, Lorenzo ",30,397,114,56,56,9,14,16
696,50,"Donaldson, Josh ",31,415,112,65,78,33,2,16
695,49,"DeShields Jr., Delino ",24,376,101,75,22,6,29,16
693,47,"Bruce, Jay ",30,555,141,82,101,36,1,16
1334,47,"Odor, Rougned ",24,474,120,76,63,18,12,16
1016,47,"Parra, Gerardo ",30,392,121,56,71,10,2,15
1017,48,"Realmuto, Jacob ",26,532,148,68,65,17,8,15
51,51,"Martin, Leonys ",28,518,128,72,47,15,24,15
1656,51,"Votto, Joey ",34,503,143,67,67,12,2,15
1655,50,"Parra, Gerardo ",31,401,114,52,53,6,11,15
1654,49,"Gonzalez, Carlos ",32,463,128,71,64,16,5,15
698,52,"Brantley, Michael C",30,338,101,47,52,9,11,15
50,50,"Ellsbury, Jacoby ",32,551,145,71,56,9,20,15
1014,45,"Contreras, Willson ",25,377,104,50,74,21,5,15
1653,48,"Castro, Starlin ",28,593,165,76,54,12,6,15
1015,46,"Duvall, Adam ",28,587,146,78,99,31,5,15
699,53,"Castro, Starlin ",27,443,133,66,63,16,2,15
372,46,"Baez, Javier ",23,421,115,50,59,14,12,15
373,47,"Crawford, Brandon ",29,553,152,67,84,12,7,15
374,48,"Duvall, Adam ",27,552,133,85,103,33,6,15
375,49,"Fowler, Dexter D",30,456,126,84,48,13,13,15
376,50,"Inciarte, Ender ",25,522,152,85,29,3,16,15
377,51,"Zobrist, Ben ",35,523,142,94,76,18,6,15
700,54,"Kiermaier, Kevin ",27,380,105,56,39,15,16,15
1023,54,"Herrera, Odubel ",25,526,148,67,56,14,8,14
1018,49,"Braun, Ryan J",33,380,102,58,52,17,12,14
1019,50,"Conforto, Michael ",24,373,104,72,68,27,2,14
1020,51,"DeJong, Paul ",23,417,119,55,65,25,1,14
1021,52,"Gyorko, Jedd ",28,426,116,52,67,20,6,14
379,53,"McCutchen, Andrew ",29,598,153,81,79,24,6,14
1337,50,"Iglesias, Jose ",28,432,116,43,48,5,15,14
1024,55,"Marte, Starling ",28,309,85,48,31,7,21,14
1025,56,"Suarez, Eugenio ",25,534,139,87,82,26,4,14
55,55,"Schoop, Jonathan ",24,615,164,82,82,25,1,14
380,54,"Walker, Neil ",30,412,116,57,55,23,3,14
53,53,"Castro, Starlin ",26,577,156,63,70,21,4,14
52,52,"Calhoun, Kole ",28,594,161,91,75,18,2,14
378,52,"Lamb, Jacob ",25,523,130,81,91,29,6,14
1338,51,"Mazara, Nomar ",23,489,126,61,77,20,1,14
54,54,"Napoli, Mike A",34,557,133,92,101,34,5,14
1022,53,"Harrison, Josh ",29,486,132,66,47,16,12,14
56,56,"Travis, Devon ",25,410,123,54,50,11,4,14
704,58,"Ellsbury, Jacoby ",33,356,94,65,39,7,22,14
709,63,"Perez, Salvador ",27,471,126,57,80,27,1,14
710,64,"Santana, Carlos ",31,571,148,90,79,23,5,14
708,62,"Morrison, Logan ",29,512,126,75,85,38,2,14
707,61,"Maybin, Cameron ",30,395,90,63,35,10,33,14
706,60,"Longoria, Evan ",31,613,160,71,86,20,6,14
1657,52,"Bader, Harrison ",24,379,100,61,37,12,15,14
1658,53,"Camargo, Johan ",24,464,126,63,76,19,1,14
1659,54,"Franco, Maikel ",25,433,117,48,68,22,1,14
1660,55,"Herrera, Odubel ",26,550,140,64,71,22,5,14
1661,56,"Jankowski, Travis ",27,347,90,45,17,4,24,14
705,59,"Healy, Ryon ",25,576,156,66,78,25,0,14
703,57,"Dyson, Jarrod ",32,346,87,56,30,5,28,14
702,56,"Anderson, Tim ",24,583,150,72,56,17,15,14
701,55,"Alonso, Yonder ",30,451,120,72,67,28,2,14
1662,57,"Molina, Yadier ",35,459,120,55,74,20,4,14
1669,64,"Taylor, Chris ",27,536,136,85,63,17,9,13
1341,54,"Bradley, Jackie ",28,474,111,76,59,13,17,13
381,55,"Carter, Chris ",29,549,122,84,94,41,3,13
382,56,"Galvis, Freddy ",26,584,141,61,67,20,17,13
383,57,"Gordon, Dee ",28,325,87,47,14,1,30,13
384,58,"Solarte, Yangervis ",28,405,116,55,71,15,1,13
385,59,"Span, Denard ",32,572,152,70,53,11,12,13
1344,57,"Kinsler, Ian M",36,487,117,66,48,14,16,13
1345,58,"Span, Denard ",34,437,114,63,58,11,9,13
1343,56,"Goodrum, Niko ",26,444,109,55,53,16,12,13
1342,55,"Gallo, Joey ",24,500,103,82,92,40,3,13
57,57,"Castellanos, Nick ",24,411,117,54,58,18,1,13
1340,53,"Beltre, Adrian ",39,433,118,49,65,15,1,13
1668,63,"Nimmo, Brandon ",25,433,114,77,47,17,9,13
714,68,"Sano, Miguel ",24,424,112,75,77,28,0,13
58,58,"Cron, C.J. ",26,407,113,51,69,16,2,13
59,59,"Escobar, Alcides ",29,637,166,57,55,7,17,13
60,60,"Naquin, Tyler ",25,321,95,52,43,14,6,13
61,61,"Semien, Marcus ",25,568,135,72,75,27,10,13
1667,62,"Murphy, Daniel ",33,328,98,40,42,12,3,13
1666,61,"Hosmer, Eric ",28,613,155,72,69,18,7,13
1665,60,"Eaton, Adam ",29,319,96,55,33,5,9,13
1664,59,"Conforto, Michael ",25,543,132,78,82,28,3,13
1663,58,"Cabrera, Asdrubal ",32,546,143,68,75,23,0,13
1026,57,"Bell, Josh E",24,549,140,75,90,26,2,13
1027,58,"Happ, Ian ",22,364,92,62,68,24,8,13
1028,59,"Margot, Manuel ",22,487,128,53,39,13,17,13
1029,60,"Peraza, Jose ",23,487,126,50,37,5,23,13
1030,61,"Span, Denard ",33,497,135,73,43,12,12,13
713,67,"Polanco, Jorge Luis",23,488,125,60,74,13,13,13
1339,52,"Alonso, Yonder ",31,516,129,64,83,23,0,13
712,66,"Pedroia, Dustin L",33,406,119,46,62,7,4,13
711,65,"Headley, Chase ",33,512,140,77,61,12,9,13
1039,70,"Villar, Jonathan ",26,403,97,49,40,11,23,12
1038,69,"Perez, Hernan ",26,432,112,47,51,14,13,12
1037,68,"Panik, Joe ",26,511,147,60,53,10,4,12
1036,67,"Owings, Christopher ",25,362,97,41,51,12,12,12
1035,66,"Martinez, Jose ",28,272,84,47,46,14,4,12
1034,65,"Galvis, Freddy ",27,608,155,71,61,12,14,12
1033,64,"Fowler, Dexter D",31,420,111,68,64,18,7,12
1032,63,"Desmond, Ian ",31,339,93,47,40,7,15,12
1031,62,"Altherr, Aaron ",26,372,101,58,65,19,5,12
1673,68,"Renfroe, Hunter ",26,403,100,53,68,26,2,12
1672,67,"Marte, Ketel ",24,520,135,68,59,14,6,12
1671,66,"Dahl, David ",24,249,68,31,48,16,5,12
1670,65,"Anderson, Brian ",25,590,161,87,65,11,2,12
67,67,"Tulowitzki, Troy ",31,492,125,54,79,24,1,12
389,63,"Suarez, Eugenio ",24,565,140,78,70,21,11,12
65,65,"Miller, Bradley ",26,548,133,73,81,30,6,12
1353,66,"Smoak, Justin ",31,505,122,67,77,25,0,12
388,62,"Ozuna, Marcell ",25,557,148,75,76,23,0,12
1352,65,"Perez, Salvador ",28,510,120,52,80,27,1,12
1351,64,"Palka, Daniel ",26,417,100,56,67,27,2,12
721,75,"Seager, Kyle ",29,578,144,72,88,27,2,12
720,74,"Pillar, Kevin ",28,587,150,72,42,16,15,12
719,73,"Mazara, Nomar ",22,554,140,64,101,20,2,12
718,72,"Lowrie, Jed ",33,567,157,86,69,14,0,12
717,71,"Hicks, Aaron ",27,301,80,54,52,15,10,12
716,70,"Haniger, Mitch ",26,369,104,58,47,16,5,12
715,69,"Gomez, Carlos ",31,368,94,51,51,17,13,12
63,63,"Gattis, Evan ",29,447,112,58,72,32,2,12
64,64,"Kiermaier, Kevin ",26,366,90,55,37,12,21,12
62,62,"Forsythe, Logan ",29,511,135,76,52,20,6,12
66,66,"Pillar, Kevin ",27,548,146,59,53,7,14,12
68,68,"Valencia, Danny ",31,471,135,72,51,17,1,12
1349,62,"Grichuk, Randal ",26,424,104,60,61,25,3,12
1348,61,"Gordon, Alex ",34,506,124,56,54,13,12,12
1347,60,"Diaz, Aledmys ",27,422,111,55,55,18,3,12
1346,59,"Cano, Robinson ",35,310,94,44,50,10,0,12
1350,63,"Moncada, Yoan ",23,578,136,73,61,17,12,12
386,60,"Belt, Brandon ",28,542,149,77,82,17,0,12
387,61,"Drury, Brandon ",23,461,130,59,53,16,1,12
1354,67,"Allen, Greg ",25,265,68,36,20,2,21,11
1356,69,"Hernandez, Teoscar ",25,476,114,67,57,22,5,11
1355,68,"Devers, Rafael ",21,450,108,59,66,21,5,11
1674,69,"Freese, David ",35,280,83,38,51,11,0,11
1675,70,"Hernandez, Enrique ",26,402,103,67,52,21,3,11
1042,73,"Kemp, Matt ",32,438,121,47,64,19,0,11
1043,74,"Lind, Adam A",33,267,81,39,59,14,1,11
1041,72,"Cabrera, Asdrubal ",31,479,134,66,59,14,3,11
1040,71,"Broxton, Keon ",27,414,91,66,49,20,21,11
1358,71,"Morales, Kendrys ",35,413,103,47,57,21,2,11
1357,70,"Holt, Brock ",30,321,89,41,46,7,7,11
724,78,"Escobar, Eduardo ",28,457,116,62,73,21,5,11
1359,72,"Nunez, Eduardo ",31,480,127,56,44,10,7,11
1360,73,"Polanco, Jorge Luis",24,302,87,38,42,6,7,11
76,76,"Simmons, Andrelton ",26,448,126,48,44,4,10,11
75,75,"Sanchez, Gary ",23,201,60,34,42,20,1,11
74,74,"Saladino, Tyler ",26,298,84,33,38,8,11,11
73,73,"Mazara, Nomar ",21,516,137,59,64,20,0,11
72,72,"Gardner, Brett ",32,547,143,80,41,7,16,11
71,71,"Escobar, Yunel ",33,517,157,68,39,5,0,11
70,70,"Chisenhall, Lonnie ",27,385,110,43,57,8,6,11
69,69,"Anderson, Tim ",23,410,116,57,30,9,10,11
1045,76,"Story, Trevor ",24,503,120,68,82,24,7,11
722,76,"Castillo, Welington ",30,341,96,44,53,20,0,11
723,77,"Davis, Rajai ",36,336,79,56,20,5,29,11
725,79,"Gallo, Joey ",23,449,94,85,80,41,7,11
726,80,"Gamel, Benjamin ",25,509,140,68,59,11,4,11
727,81,"Morales, Kendrys ",34,557,139,67,85,28,0,11
728,82,"Pujols, Albert ",37,593,143,53,101,23,3,11
729,83,"Revere, Ben ",29,291,80,37,20,1,21,11
730,84,"Sanchez, Yolmer ",25,482,128,62,59,12,8,11
1044,75,"Spangenberg, Cory ",26,444,117,57,46,13,11,11
1046,77,"Thames, Eric ",30,469,116,83,63,31,4,11
394,68,"Jankowski, Travis ",25,335,82,53,12,2,30,11
398,72,"Reddick, Josh ",29,398,112,53,37,10,8,11
1677,72,"Myers, Wil ",27,312,79,39,39,11,13,11
1678,73,"Schwarber, Kyle ",25,428,102,64,61,26,4,11
1679,74,"Taylor, Michael ",27,353,80,46,28,6,24,11
392,66,"Franco, Maikel ",23,581,148,67,88,25,1,11
393,67,"Garcia, Adonis ",31,532,145,65,65,14,3,11
395,69,"Markakis, Nick ",32,599,161,67,89,13,0,11
396,70,"Pederson, Joc ",24,406,100,64,68,25,6,11
397,71,"Pence, Hunter ",33,395,114,58,57,13,1,11
391,65,"Carpenter, Matt ",30,473,128,81,68,21,0,11
1676,71,"McNeil, Jeff ",26,225,74,35,19,3,7,11
390,64,"Broxton, Keon ",26,207,50,28,19,9,23,11
1368,81,"Voit, Luke ",27,143,46,30,36,15,0,10
399,73,"Castillo, Welington ",29,416,110,41,68,14,2,10
1047,78,"Adams, Matt ",28,339,93,46,65,20,0,10
1048,79,"Frazier, Adam ",25,406,112,55,53,6,9,10
1049,80,"Markakis, Nick ",33,593,163,76,76,8,0,10
400,74,"Gennett, Scooter ",26,498,131,58,56,14,8,10
401,75,"Grichuk, Randal ",24,446,107,66,68,24,5,10
402,76,"Reynolds, Mark A",32,393,111,61,53,14,1,10
732,86,"Joyce, Matt ",32,469,114,78,68,25,4,10
403,77,"Werth, Jayson ",37,525,128,84,69,21,5,10
77,77,"Bourn, Michael R",33,375,99,48,38,5,15,10
78,78,"Gomez, Carlos ",30,411,95,45,53,13,18,10
79,79,"Gonzalez, Marwin ",27,484,123,55,51,13,12,10
731,85,"Jackson, Austin ",30,280,89,46,35,7,3,10
733,87,"Kinsler, Ian M",35,551,130,90,52,22,14,10
1367,80,"Sanchez, Yolmer ",26,600,145,62,55,8,14,10
1682,77,"Galvis, Freddy ",28,602,149,62,67,13,8,10
1366,79,"Mauer, Joe ",35,486,137,64,48,6,0,10
1688,83,"Swanson, Dansby ",24,478,114,51,59,14,10,10
1687,82,"Schebler, Scott ",27,380,97,55,49,17,4,10
1686,81,"Santana, Carlos ",32,560,128,82,86,24,2,10
1685,80,"Pederson, Joc ",26,395,98,65,56,25,1,10
1683,78,"Grandal, Yasmani ",29,440,106,65,68,24,2,10
1684,79,"Moran, Colin ",25,415,115,49,58,11,0,10
1681,76,"Dietrich, Derek ",28,499,132,72,45,16,2,10
1680,75,"Bryant, Kris ",26,389,106,59,52,13,2,10
1361,74,"Adames, Willy ",22,288,80,43,34,10,6,10
1362,75,"Garcia, Leury ",27,258,70,23,32,4,12,10
1363,76,"Gardner, Brett ",34,530,125,95,45,12,16,10
1364,77,"Healy, Ryon ",26,493,116,51,73,24,0,10
1365,78,"Kipnis, Jason ",31,530,122,65,75,18,7,10
1699,94,"Rojas, Miguel ",29,488,123,44,53,11,6,9
1374,87,"Reddick, Josh ",31,433,105,63,47,17,7,9
82,82,"Healy, Ryon ",24,269,82,36,37,13,0,9
81,81,"Davis, Chris ",30,566,125,99,84,38,1,9
80,80,"Cuthbert, Cheslor ",23,475,130,49,46,12,2,9
1701,96,"Winker, Jesse ",24,281,84,38,43,7,0,9
1700,95,"Williams, Nick ",24,407,104,53,50,17,3,9
1698,93,"Posey, Buster ",31,398,113,47,41,5,3,9
1694,89,"Heyward, Jason ",28,440,119,67,57,8,1,9
1695,90,"Margot, Manuel ",23,477,117,50,51,8,11,9
1696,91,"Munoz, Yairo ",23,293,81,39,42,8,5,9
407,81,"Stanton, Giancarlo ",26,413,99,56,74,27,0,9
406,80,"Russell, Addison ",22,525,125,67,95,21,5,9
1697,92,"Perez, Hernan ",27,316,80,36,29,9,11,9
404,78,"Kang, Jung-ho ",29,318,81,45,62,21,3,9
405,79,"Rodriguez, Sean ",31,300,81,49,56,18,2,9
740,94,"Zunino, Mike ",26,387,97,52,64,25,1,9
734,88,"Bradley, Jackie ",27,482,118,58,63,17,8,9
1370,83,"Gomes, Yan ",30,403,107,52,48,16,0,9
1372,85,"Moreland, Mitch ",32,404,99,57,68,15,2,9
1373,86,"Pujols, Albert ",38,465,114,50,64,19,1,9
1369,82,"Cave, Jake ",25,283,76,54,45,13,2,9
1050,81,"Cespedes, Yoenis ",31,291,85,46,42,17,0,9
1051,82,"Drury, Brandon ",24,445,119,41,63,13,1,9
1052,83,"Pirela, Jose ",27,312,90,43,40,10,4,9
1053,84,"Schebler, Scott ",26,473,110,63,67,30,5,9
1054,85,"Solarte, Yangervis ",29,466,119,49,64,18,3,9
1055,86,"Suzuki, Kurt ",33,276,78,38,50,19,0,9
1056,87,"Williams, Nick ",23,313,90,45,55,12,1,9
1057,88,"Wong, Kolten ",26,354,101,55,42,4,8,9
739,93,"Zimmer, Bradley ",24,299,72,41,39,8,18,9
738,92,"Vazquez, Christian ",26,324,94,43,32,5,7,9
737,91,"Mahtook, Mikie ",27,348,96,50,38,12,6,9
736,90,"Kepler, Max ",24,511,124,67,69,19,6,9
735,89,"Chisenhall, Lonnie ",28,236,68,34,53,12,2,9
1689,84,"Almora, Albert ",24,444,127,62,41,5,1,9
1690,85,"Bell, Josh E",25,501,131,74,62,12,2,9
1691,86,"Crawford, Brandon ",31,531,135,63,54,14,4,9
1692,87,"Culberson, Charlie ",29,296,80,47,45,12,4,9
1693,88,"Dozier, Brian ",31,553,119,81,72,21,12,9
1371,84,"Mancini, Trey ",26,582,141,69,58,24,0,9
1702,97,"Ahmed, Nick ",28,516,121,61,70,16,5,8
1703,98,"Belt, Brandon ",30,399,101,50,46,14,4,8
1384,97,"Trumbo, Mark ",32,330,86,41,44,17,0,8
1376,89,"Correa, Carlos ",23,402,96,60,65,15,3,8
83,83,"Aoki, Norichika ",34,417,118,63,28,4,7,8
87,87,"Saunders, Michael ",29,490,124,70,57,24,1,8
1375,88,"Canha, Mark ",29,365,91,60,52,17,1,8
1061,92,"Flores, Wilmer ",25,336,91,42,52,18,1,8
86,86,"Sano, Miguel ",23,437,103,57,66,25,1,8
85,85,"Perez, Salvador ",26,514,127,57,64,22,0,8
84,84,"Headley, Chase ",32,467,118,58,51,14,8,8
1705,100,"DeJong, Paul ",24,436,105,68,68,19,1,8
1383,96,"Pearce, Steve W",35,215,61,35,42,11,0,8
1377,90,"Garcia, Avisail ",27,356,84,47,49,19,3,8
1378,91,"Gattis, Evan ",31,407,92,49,78,25,1,8
1379,92,"Gonzalez, Marwin ",29,489,121,61,68,16,2,8
1380,93,"Gurriel, Lourdes ",24,249,70,30,35,11,1,8
1381,94,"Kemp, Anthony ",26,255,67,37,30,6,9,8
1382,95,"Martin, Leonys ",30,318,81,48,33,11,7,8
1704,99,"Cervelli, Francisco ",32,332,86,39,57,12,2,8
1062,93,"Gonzalez, Carlos ",31,470,123,72,57,14,3,8
1706,101,"Flores, Wilmer ",26,386,103,43,51,11,0,8
741,95,"Calhoun, Kole ",29,569,139,77,71,19,5,8
1063,94,"Grichuk, Randal ",25,412,98,53,59,22,6,8
1064,95,"Jay, Jon ",32,379,112,65,34,2,6,8
1065,96,"Pence, Hunter ",34,493,128,55,67,13,2,8
1060,91,"Crawford, Brandon ",30,518,131,58,77,14,3,8
1059,90,"Aoki, Norichika ",35,336,93,48,35,5,10,8
1058,89,"Almora, Albert ",23,299,89,39,46,8,1,8
748,102,"Smith, Mallex ",24,256,69,33,12,2,16,8
747,101,"Semien, Marcus ",26,342,85,53,40,10,12,8
746,100,"Olson, Matt ",23,189,49,33,45,24,0,8
745,99,"Moreland, Mitch ",31,508,125,73,79,22,0,8
744,98,"Marisnick, Jake ",26,230,56,50,35,16,9,8
1707,102,"Reyes, Franmil ",22,261,73,36,31,16,0,8
742,96,"Carrera, Ezequiel ",30,287,81,38,20,8,10,8
743,97,"Garcia, Leury ",26,296,81,40,33,9,8,8
1708,103,"Suzuki, Kurt ",34,347,94,45,50,12,0,8
1709,104,"Zimmerman, Ryan W",33,288,76,33,51,13,1,8
408,82,"Dahl, David ",22,222,70,42,24,7,5,8
409,83,"Granderson, Curtis ",35,545,129,88,59,30,4,8
410,84,"Gyorko, Jedd ",27,400,97,58,59,30,0,8
411,85,"Suzuki, Ichiro ",42,327,95,48,22,1,10,8
1717,112,"Hanson, Alen ",25,294,74,36,39,8,7,7
753,107,"Presley, Alex ",31,245,77,30,20,3,5,7
1711,106,"Alfaro, Jorge ",25,344,90,35,37,10,3,7
750,104,"Devers, Rafael ",20,222,63,34,30,10,3,7
751,105,"Iglesias, Jose ",27,458,118,56,54,6,7,7
752,106,"Odor, Rougned ",23,607,124,79,75,30,15,7
754,108,"Valencia, Danny ",32,450,115,54,66,15,2,7
92,92,"Merrifield, Whit ",27,311,88,44,29,2,8,7
1071,102,"Heyward, Jason ",27,432,112,59,59,11,4,7
1070,101,"Flowers, Tyler ",31,317,89,41,49,12,0,7
1069,100,"Carpenter, Matt ",31,497,120,91,69,23,2,7
1068,99,"Barnes, Austin ",27,218,63,35,38,8,4,7
1067,98,"Albies, Ozhaino ",20,217,62,34,28,6,8,7
1066,97,"Aguilar, Jesus ",27,279,74,40,52,16,0,7
1710,105,"Adams, Matt ",29,306,73,42,57,21,0,7
1712,107,"Contreras, Willson ",26,474,118,50,54,10,4,7
90,90,"Kepler, Max ",23,396,93,52,63,17,6,7
749,103,"Cron, C.J. ",27,339,84,39,56,16,3,7
1073,104,"Pina, Manny ",30,330,92,45,43,9,2,7
1719,114,"Hernandez, Gorkys ",30,414,97,52,40,15,8,7
1720,115,"Jay, Jon ",33,527,141,74,40,3,4,7
1721,116,"Longoria, Evan ",32,480,117,51,54,16,3,7
1722,117,"Villanueva, Christian ",27,351,83,42,46,20,3,7
1388,101,"Seager, Kyle ",30,583,129,62,78,22,2,7
1074,105,"Walker, Neil ",31,385,102,59,49,14,0,7
1072,103,"Hoskins, Rhys ",24,170,44,37,48,18,2,7
1718,113,"Happ, Ian ",23,387,90,56,44,15,8,7
1716,111,"Gyorko, Jedd ",29,351,92,49,47,11,2,7
1715,110,"Frazier, Todd ",32,408,87,54,59,18,9,7
1714,109,"Frazier, Adam ",26,318,88,52,35,10,1,7
1713,108,"Diaz, Elias ",27,252,72,33,34,10,0,7
88,88,"Dickerson, Corey ",27,510,125,57,70,24,0,7
89,89,"Grossman, Robert ",26,332,93,49,37,11,2,7
91,91,"Leon, Sandy ",27,252,78,36,35,7,0,7
1389,102,"White, Tyler ",27,210,58,27,42,12,0,7
93,93,"Pearce, Steve W",33,264,76,35,35,13,0,7
412,86,"Cozart, Zack ",30,464,117,67,50,16,4,7
94,94,"Shaw, Travis ",26,480,116,63,71,16,5,7
416,90,"Puig, Yasiel ",25,334,88,45,45,11,5,7
414,88,"Freese, David ",33,437,118,63,55,13,0,7
413,87,"Flores, Wilmer ",24,307,82,38,49,16,1,7
415,89,"Joseph, Tommy ",24,315,81,47,47,21,1,7
95,95,"Souza, Steven ",27,430,106,58,49,17,7,7
1385,98,"Engel, Adam ",26,429,101,49,29,6,16,7
1386,99,"Grossman, Robert ",28,396,108,50,48,5,0,7
1387,100,"Kiner-Falefa, Isiah ",23,356,93,43,34,4,7,7
418,92,"Contreras, Willson ",24,252,71,33,35,12,2,6
1725,120,"Thames, Eric ",31,247,54,41,37,16,7,6
101,101,"Mauer, Joe ",33,494,129,68,49,11,2,6
102,102,"Rosario, Eddie ",24,335,90,52,32,10,5,6
1076,107,"Difo, Wilmer ",25,332,90,47,21,5,10,6
417,91,"Bour, Justin ",28,280,74,35,51,15,0,6
1390,103,"Austin, Tyler ",26,244,56,34,47,17,1,6
419,93,"Grandal, Yasmani ",27,390,89,49,72,27,1,6
420,94,"Holliday, Matt T",36,382,94,48,62,20,0,6
421,95,"Kendrick, Howie ",32,487,124,65,40,8,10,6
1723,118,"Gentry, Craig ",34,156,42,13,11,1,12,6
1724,119,"Schoop, Jonathan ",26,473,110,61,61,21,1,6
1726,121,"Wong, Kolten ",27,353,88,41,38,9,6,6
99,99,"Marte, Jefry ",25,258,65,38,44,15,2,6
761,115,"Young Jr., Eric O",32,110,29,24,16,4,12,6
760,114,"Torreyes, Ronald ",24,315,92,35,36,3,2,6
759,113,"Ramirez, Hanley ",33,496,120,58,62,23,1,6
758,112,"Gattis, Evan ",30,300,79,41,55,12,0,6
757,111,"Chirinos, Robinson ",33,263,67,46,38,17,1,6
756,110,"Cabrera, Miguel ",34,469,117,50,60,16,0,6
755,109,"Bonifacio, Jorge ",24,384,98,55,40,17,1,6
422,96,"Reyes, Jose B",33,255,68,45,24,8,9,6
1075,106,"Barnhart, Tucker ",26,370,100,26,44,7,4,6
1080,111,"Renfroe, Hunter ",25,445,103,51,58,26,3,6
1079,110,"Joseph, Tommy ",25,495,119,51,69,22,1,6
1078,109,"Grandal, Yasmani ",28,438,108,50,58,22,0,6
100,100,"Martin, Russell N",33,455,105,62,74,20,2,6
1077,108,"Goodwin, Brian ",26,251,63,41,30,13,6,6
98,98,"Kim, Hyun-Soo ",28,305,92,36,22,6,1,6
1394,107,"Davis, Rajai ",37,196,44,33,6,1,21,6
1401,114,"Narvaez, Omar ",26,280,77,30,30,9,0,6
1400,113,"Maybin, Cameron ",31,342,85,32,28,4,10,6
1399,112,"Laureano, Ramon ",23,156,45,27,19,5,7,6
1398,111,"Kepler, Max ",25,532,119,80,58,20,4,6
1397,110,"Guzman, Ronald ",23,387,91,46,58,16,1,6
1395,108,"Garver, Mitch ",27,302,81,38,45,7,0,6
1396,109,"Gentry, Craig ",34,156,42,13,11,1,12,6
96,96,"Alvarez, Pedro ",29,337,84,43,49,22,1,6
1393,106,"Davidson, Matthew ",27,434,99,51,62,20,0,6
1392,105,"Chirinos, Robinson ",34,360,80,48,65,18,2,6
1391,104,"Cabrera, Melky ",33,250,70,28,39,6,1,6
97,97,"Bautista, Jose A",35,423,99,68,69,22,2,6
762,116,"Frazier, Todd ",31,472,101,73,76,27,4,5
1730,125,"Duda, Lucas ",32,328,79,35,50,14,1,5
1731,126,"Ervin, Phillip ",25,218,55,27,31,7,6,5
1732,127,"Quinn, Roman ",25,131,34,13,12,2,10,5
1733,128,"Reynolds, Mark A",34,206,51,26,40,13,0,5
424,98,"Dickerson, Alex ",26,253,65,39,37,10,5,5
766,120,"Trumbo, Mark ",31,559,131,79,65,23,1,5
765,119,"McCann, James ",27,352,89,39,49,13,1,5
764,118,"McCann, Brian ",33,349,84,47,62,18,1,5
763,117,"Hechavarria, Adeiny ",28,330,86,37,30,8,4,5
1403,116,"Andrus, Elvis ",29,395,101,53,33,6,5,5
1083,114,"Belt, Brandon ",29,382,92,63,51,18,3,5
1402,115,"Adrianza, Ehire ",28,335,84,42,39,6,5,5
1084,115,"Blanco, Gregor ",33,224,55,43,13,3,15,5
1728,123,"Cespedes, Yoenis ",32,141,37,20,29,9,3,5
423,97,"Adams, Matt ",27,297,74,37,54,16,0,5
1081,112,"Adams, Lane ",27,109,30,19,20,5,10,5
1082,113,"Avila, Alex ",30,308,81,40,48,13,0,5
1089,120,"Polanco, Gregory ",25,379,95,39,35,11,8,5
1088,119,"Mercer, Jordy ",30,502,128,52,58,14,0,5
1087,118,"Iannetta, Chris ",34,272,69,38,43,17,0,5
1086,117,"Granderson, Curtis ",36,449,95,74,64,26,6,5
1085,116,"Freese, David ",34,426,112,44,52,10,0,5
1729,124,"Difo, Wilmer ",26,408,94,55,42,7,10,5
1404,117,"Candelario, Jeimer ",24,539,121,78,54,19,3,5
1727,122,"Bour, Justin ",30,423,96,49,59,20,2,5
110,110,"Lawrie, Brett ",26,351,87,35,36,12,7,5
116,116,"Rua, Ryan ",26,240,62,40,22,8,9,5
115,115,"Polanco, Jorge Luis",22,245,69,24,27,4,4,5
114,114,"Plouffe, Trevor ",30,319,83,35,47,12,1,5
113,113,"Moreland, Mitch ",30,460,107,49,60,22,1,5
112,112,"McCann, Brian ",32,429,104,56,58,20,1,5
111,111,"Marte, Ketel ",22,437,113,55,33,1,11,5
109,109,"Hill, Aaron ",34,378,99,48,38,10,4,5
431,105,"Utley, Chase ",37,512,129,79,52,14,2,5
108,108,"Hardy, J.J. ",33,405,109,43,48,9,0,5
107,107,"Guyer, Brandon ",30,293,78,39,32,9,3,5
106,106,"Garcia, Avisail ",25,413,101,59,51,12,4,5
105,105,"Duffy, Matt ",25,333,86,41,28,5,8,5
104,104,"Crisp, Coco ",36,446,103,54,55,13,10,5
103,103,"Alonso, Yonder ",29,482,122,52,56,7,3,5
117,117,"Smith, Seth ",33,378,94,62,63,16,0,5
430,104,"Smith, Mallex ",23,189,45,28,22,3,16,5
1411,124,"Robertson, Daniel ",24,282,74,46,34,9,2,5
428,102,"Moss, Brandon ",32,413,93,66,67,28,1,5
1405,118,"Choi, Ji-Man ",27,190,50,25,32,10,2,5
1406,119,"DeShields Jr., Delino ",25,334,72,52,22,2,20,5
1407,120,"Gamel, Benjamin ",26,257,70,37,19,1,7,5
1408,121,"Martinez, Victor ",39,467,117,32,54,9,0,5
1409,122,"Meadows, Austin ",23,178,51,19,17,6,5,5
1410,123,"Pinder, Chad ",26,298,77,43,27,13,0,5
429,103,"Rupp, Cameron ",27,389,98,36,54,16,1,5
1412,125,"Soler, Jorge ",26,223,59,27,28,9,3,5
425,99,"Dietrich, Derek ",26,351,98,39,42,7,1,5
118,118,"Wieters, Matt ",30,423,103,48,66,17,1,5
426,100,"Jay, Jon ",31,347,101,49,26,2,2,5
427,101,"Mercer, Jordy ",29,519,133,66,59,11,1,5
441,115,"Schimpf, Ryan ",28,276,60,48,51,20,1,4
442,116,"Taylor, Michael ",25,221,51,28,16,7,14,4
1092,123,"Franco, Maikel ",24,575,132,66,76,24,0,4
1091,122,"D Arnaud, Travis ",28,348,85,39,57,16,0,4
778,132,"Smith, Kevan ",29,272,77,22,30,4,0,4
1093,124,"Hernandez, Gorkys ",29,310,79,40,22,0,12,4
771,125,"Escobar, Yunel ",34,350,96,43,31,7,1,4
777,131,"Rasmus, Colby ",30,121,34,17,23,9,1,4
776,130,"Pinder, Chad ",25,282,67,36,42,15,2,4
775,129,"Pearce, Steve W",34,313,79,38,37,13,0,4
774,128,"Martinez, Victor ",38,388,99,38,47,10,0,4
773,127,"Holliday, Matt T",37,373,86,50,64,19,1,4
772,126,"Grossman, Robert ",27,382,94,62,45,9,3,4
770,124,"Escobar, Alcides ",30,599,150,71,54,6,4,4
1094,125,"Lucroy, Jonathan ",31,423,112,45,40,6,1,4
769,123,"Duda, Lucas ",31,423,92,50,64,30,0,4
768,122,"Davidson, Matthew ",26,410,89,42,67,25,0,4
779,133,"Smith, Seth ",34,330,85,50,32,13,2,4
439,113,"Parra, Gerardo ",29,368,93,45,39,7,6,4
767,121,"Adrianza, Ehire ",27,162,43,30,24,2,8,4
1095,126,"Valaika, Pat ",24,182,47,28,40,13,0,4
440,114,"Schebler, Scott ",25,257,68,36,40,9,2,4
1739,134,"Ramirez, Hanley ",34,177,45,25,29,6,4,4
438,112,"Panik, Joe ",25,464,111,67,62,10,5,4
1416,129,"Hicks, John ",28,288,75,35,32,9,0,4
1736,131,"Harrison, Josh ",30,344,86,41,37,8,3,4
1735,130,"Granderson, Curtis ",37,343,83,60,38,13,2,4
437,111,"Joyce, Matt ",31,231,56,45,42,13,1,4
119,119,"Bregman, Alex ",22,201,53,31,34,8,2,4
120,120,"Buxton, Byron ",22,298,67,44,38,10,10,4
121,121,"Franklin, Nick ",25,174,47,18,26,6,6,4
122,122,"Holt, Brock ",28,290,74,45,34,7,4,4
123,123,"Iglesias, Jose ",26,467,119,57,32,4,7,4
124,124,"Lind, Adam A",32,401,96,48,58,20,0,4
125,125,"Valbuena, Luis ",30,292,76,38,40,13,1,4
1415,128,"Fletcher, David ",24,284,78,35,25,1,3,4
1414,127,"Calhoun, Kole ",30,491,102,71,57,19,6,4
1413,126,"Astudillo, Willians ",26,93,33,9,21,3,0,4
126,126,"Vogt, Stephen ",31,490,123,54,56,14,0,4
127,127,"Young, Chris B",32,203,56,29,24,9,4,4
1737,132,"Hedges, Austin ",25,303,70,29,37,14,3,4
1734,129,"Descalso, Daniel W",31,349,83,54,57,13,0,4
1740,135,"Russell, Addison ",24,420,105,52,38,5,4,4
1090,121,"Camargo, Johan ",23,241,72,30,27,4,0,4
436,110,"Jaso, John ",32,380,102,45,42,8,0,4
435,109,"Herrmann, Chris ",28,148,42,21,28,6,4,4
1741,136,"Valencia, Danny ",33,255,67,28,28,9,1,4
433,107,"Espinosa, Danny ",29,516,108,66,72,24,9,4
432,106,"Descalso, Daniel W",29,250,66,38,38,8,3,4
434,108,"Flowers, Tyler ",30,281,76,27,41,8,0,4
1738,133,"Pirela, Jose ",28,438,109,54,32,5,6,4
1422,135,"Valencia, Danny ",33,255,67,28,28,9,1,4
1421,134,"Travis, Devon ",27,357,83,41,44,11,3,4
1420,133,"Solarte, Yangervis ",30,468,106,50,54,17,1,4
1419,132,"Romine, Austin ",29,242,59,30,42,10,1,4
1418,131,"Ramirez, Hanley ",34,177,45,25,29,6,4,4
1417,130,"O Hearn, Ryan ",24,149,39,23,30,12,0,4
1100,131,"Phillips, Brett ",23,87,24,9,12,4,5,3
1104,135,"Tapia, Raimel ",23,160,46,27,16,2,5,3
1103,134,"Schwarber, Kyle ",24,422,89,67,59,30,1,3
1102,133,"Rojas, Miguel ",28,272,79,37,26,1,2,3
1101,132,"Rivera, T.J. ",28,214,62,27,27,5,1,3
1423,136,"Gomez, Carlos ",32,360,75,42,32,9,12,3
1099,130,"Nava, Daniel ",34,183,55,21,21,4,1,3
1098,129,"Dietrich, Derek ",27,406,101,56,53,13,0,3
1424,137,"Jones, JaCoby ",26,429,89,54,34,11,13,3
1096,127,"Descalso, Daniel W",30,344,80,47,51,10,4,3
1097,128,"Diaz, Aledmys ",26,286,74,31,20,7,4,3
449,123,"Peterson, Jace ",26,350,89,45,29,7,5,3
450,124,"Rosales, Adam M",33,214,49,37,35,13,4,3
785,139,"Sucre, Jesus ",29,176,45,20,29,7,2,3
783,137,"Kipnis, Jason ",30,336,78,43,35,12,6,3
782,136,"Goins, Ryan ",29,418,99,37,62,9,3,3
781,135,"Delmonico, Nick ",24,141,37,25,23,9,2,3
780,134,"Davis, Chris ",31,456,98,65,61,26,1,3
1426,139,"Smith, Kevan ",30,171,50,21,21,3,1,3
1425,138,"Rickard, Joey ",27,213,52,27,23,8,4,3
1742,137,"Barnhart, Tucker ",27,460,114,50,46,10,0,3
1743,138,"Bote, David ",25,184,44,23,33,6,3,3
1744,139,"Cordero, Franchy ",23,139,33,19,19,7,5,3
452,126,"Thompson, Trayce ",25,236,53,31,32,13,5,3
451,125,"Santana, Domingo ",23,246,63,34,32,11,2,3
1745,140,"Hundley, Nick ",34,282,68,34,31,10,2,3
1746,141,"Kendrick, Howie ",34,152,46,17,12,4,1,3
1747,142,"Kingery, Scott ",24,452,102,55,35,8,10,3
1748,143,"Mercer, Jordy ",31,394,99,43,39,6,2,3
1754,149,"Spangenberg, Cory ",27,298,70,35,25,7,6,3
1753,148,"Slater, Austin ",25,199,50,21,23,1,7,3
1752,147,"Sandoval, Pablo ",31,230,57,22,40,9,0,3
1751,146,"Pina, Manny ",31,306,77,39,28,9,2,3
1749,144,"O Neill, Tyler ",23,130,33,29,23,9,2,3
784,138,"Ramos, Wilson ",29,208,54,19,35,11,0,3
786,140,"Travis, Devon ",26,185,48,22,24,5,4,3
131,131,"Giavotella, Johnny ",28,346,90,44,31,6,4,3
448,122,"Loney, James ",32,343,91,30,34,9,0,3
447,121,"Johnson, Kelly A",34,304,75,25,34,10,4,3
446,120,"Hundley, Nick ",32,289,75,30,48,10,0,3
445,119,"Hazelbaker, Jeremy ",28,200,47,35,28,12,5,3
444,118,"Cervelli, Francisco ",30,326,86,42,33,1,6,3
443,117,"Barnhart, Tucker ",25,377,97,34,51,7,1,3
128,128,"Almonte, Abraham ",27,182,48,24,22,1,8,3
129,129,"Burns, Billy ",26,311,73,39,13,0,17,3
787,141,"Vargas, Kennys ",26,241,61,33,41,11,0,3
130,130,"Butler, Billy ",30,250,71,27,35,5,0,3
132,132,"Gordon, Alex ",32,445,98,62,40,17,8,3
133,133,"Gutierrez, Franklin R",33,248,61,33,39,14,1,3
134,134,"Morrison, Logan ",28,353,84,45,43,14,4,3
135,135,"Ramirez, Alexei ",34,478,115,38,48,6,8,3
136,136,"Rickard, Joey ",25,257,69,32,19,5,4,3
137,137,"Suzuki, Kurt ",32,345,89,34,49,8,0,3
1750,145,"Panik, Joe ",27,358,91,38,24,4,4,3
1441,154,"Nunez, Renato ",24,236,61,28,22,8,0,2
1438,151,"Lucroy, Jonathan ",32,415,100,41,51,4,0,2
1440,153,"Martini, Nick ",28,152,45,26,19,1,0,2
1439,152,"Marisnick, Jake ",27,213,45,34,28,10,6,2
1437,150,"LaMarre, Ryan ",29,165,46,15,18,2,2,2
1436,149,"Kiermaier, Kevin ",28,332,72,44,29,7,10,2
456,130,"Rivera, T.J. ",27,105,35,10,16,3,0,2
1442,155,"Peterson, Jace ",28,210,42,21,28,3,13,2
1107,138,"Hedges, Austin ",24,387,83,36,55,18,4,2
1106,137,"Aybar, Erick ",33,333,78,37,22,7,11,2
1105,136,"Alfaro, Jorge ",24,107,34,12,14,5,0,2
792,146,"Hicks, John ",27,169,45,25,21,6,2,2
453,127,"Francoeur, Jeff ",32,307,78,33,34,7,2,2
454,128,"Frazier, Adam ",24,146,44,21,11,2,4,2
455,129,"Heyward, Jason ",26,530,122,61,49,7,11,2
1434,147,"Goodwin, Brian ",27,159,38,20,25,6,4,2
140,140,"Santana, Daniel ",25,233,56,29,14,2,12,2
139,139,"Choo, Shin-Soo ",33,178,43,27,17,7,6,2
138,138,"Carrera, Ezequiel ",29,270,67,47,23,6,7,2
457,131,"Swanson, Dansby ",22,129,39,20,17,3,3,2
458,132,"Weeks, Rickie ",33,180,43,29,27,9,5,2
459,133,"Wolters, Tony ",24,205,53,27,30,3,4,2
1435,148,"Hechavarria, Adeiny ",29,296,73,34,31,6,2,2
791,145,"Hernandez, Teoscar ",24,88,23,16,20,8,0,2
1433,146,"Fowler, Dustin ",23,192,43,19,23,6,6,2
1762,157,"Santana, Domingo ",25,211,56,21,20,5,1,2
793,147,"Joseph, Caleb ",31,254,65,31,28,8,0,2
794,148,"Rickard, Joey ",26,261,63,29,19,4,8,2
1115,146,"Winker, Jesse ",23,121,36,21,15,7,1,2
1114,145,"Utley, Chase ",38,309,73,43,34,8,6,2
790,144,"Gomes, Yan ",29,341,79,43,56,14,0,2
1432,145,"Escobar, Alcides ",31,485,112,54,34,4,8,2
788,142,"Castro, Jason ",30,356,86,49,47,10,0,2
1113,144,"Tomlinson, Kelby ",27,194,50,32,11,1,9,2
1112,143,"Sogard, Eric ",31,249,68,37,18,3,3,2
1111,142,"Russell, Addison ",23,352,84,52,43,12,2,2
1110,141,"Rivera, Rene ",33,218,55,23,35,10,0,2
1109,140,"Piscotty, Stephen ",26,341,80,40,39,9,3,2
1108,139,"La Stella, Tommy ",28,125,36,18,22,5,0,2
789,143,"Chapman, Matt ",24,290,68,39,40,14,0,2
1761,156,"Robles, Victor ",21,59,17,8,10,3,3,2
1427,140,"Bauers, Jake ",22,323,65,48,48,11,6,2
1430,143,"Donaldson, Josh ",32,187,46,30,23,8,2,2
1431,144,"Dozier, Hunter ",26,362,83,36,34,11,2,2
1760,155,"Miller, Bradley ",28,230,57,21,29,7,0,2
1428,141,"Beckham, Tim ",28,369,85,45,35,12,1,2
1429,142,"Cabrera, Miguel ",35,134,40,17,22,3,0,2
1755,150,"Arcia, Orlando ",23,348,82,32,30,3,7,2
1756,151,"Casali, Curtis ",29,140,41,15,16,4,0,2
1757,152,"Duggar, Steven ",24,141,36,20,17,2,5,2
1758,153,"Dyson, Jarrod ",33,206,39,29,12,2,16,2
1759,154,"Lagares, Juan ",29,59,20,9,6,0,3,2
142,142,"Rasmus, Colby ",29,369,76,38,54,15,4,1
1125,156,"Vogt, Stephen ",32,279,65,25,40,12,0,1
143,143,"Romine, Andrew ",30,174,41,21,16,2,8,1
144,144,"Stubbs, Drew ",31,80,18,13,7,3,9,1
461,135,"Bourjos, Peter ",29,355,89,40,23,5,6,1
460,134,"Amarista, Alexi ",27,140,36,9,11,0,9,1
1127,158,"Zobrist, Ben ",36,435,101,58,50,12,2,1
1126,157,"Werth, Jayson ",38,252,57,35,29,10,4,1
1120,151,"Lagares, Juan ",28,252,63,37,15,3,7,1
1124,155,"Rosario, Amed ",21,165,41,16,10,4,7,1
1123,154,"Parker, Jarrett ",28,166,41,14,23,4,2,1
1122,153,"Nimmo, Brandon ",24,177,46,26,21,5,2,1
1121,152,"Marte, Ketel ",23,223,58,30,18,5,3,1
1119,150,"Hazelbaker, Jeremy ",29,52,18,10,10,2,1,1
1118,149,"Eaton, Adam ",28,91,27,24,13,2,3,1
1117,148,"Asuaje, Carlos ",25,307,83,28,21,4,0,1
1116,147,"Ahmed, Nick ",27,167,42,24,21,6,3,1
462,136,"D Arnaud, Chase ",29,233,57,24,21,1,9,1
141,141,"Barney, Darwin ",30,279,75,35,19,4,2,1
1448,161,"Gonzalez, Erik ",26,136,36,17,16,1,3,1
463,137,"Drew, Stephen ",33,143,38,24,21,8,0,1
1443,156,"Adduci, James ",33,176,47,19,21,3,1,1
1764,159,"Bruce, Jay ",31,319,71,31,37,9,2,1
1765,160,"Jackson, Austin ",31,347,85,29,32,3,3,1
1766,161,"Owings, Christopher ",26,281,58,34,22,4,11,1
1767,162,"Pence, Hunter ",35,235,53,19,24,4,5,1
1768,163,"Saladino, Tyler ",28,126,31,13,16,5,2,1
1772,167,"Wisdom, Patrick ",26,50,13,11,10,4,2,1
1771,166,"Williams, Mason ",26,123,36,10,6,2,1,1
1770,165,"Wieters, Matt ",32,235,56,24,30,8,0,1
1769,164,"Souza, Steven ",29,241,53,21,29,5,6,1
804,158,"Valbuena, Luis ",31,347,69,42,65,22,0,1
803,157,"Tulowitzki, Troy ",32,241,60,16,26,7,0,1
802,156,"Pennington, Cliff ",33,194,49,23,21,3,3,1
801,155,"Narvaez, Omar ",25,253,70,23,14,2,0,1
800,154,"Napoli, Mike A",35,425,82,60,66,29,1,1
799,153,"Motter, Taylor ",27,258,51,29,26,7,12,1
798,152,"Moss, Brandon ",33,362,75,41,50,22,2,1
797,151,"Moncada, Yoan ",22,199,46,31,22,8,3,1
796,150,"Hanson, Alen ",24,217,48,36,11,4,11,1
795,149,"Candelario, Jeimer ",23,127,36,18,16,3,0,1
464,138,"Gillaspie, Conor ",28,191,50,24,25,6,1,1
1763,158,"Bautista, Jose A",37,325,66,52,48,13,4,1
1444,157,"Castillo, Welington ",31,170,44,17,15,6,1,1
471,145,"Tomlinson, Kelby ",26,106,31,13,6,0,5,1
465,139,"Gosselin, Phil ",27,220,61,26,13,2,3,1
466,140,"Nieuwenhuis, Kirk ",28,335,70,38,44,13,8,1
467,141,"Peralta, Jhonny ",34,289,75,37,29,8,0,1
1445,158,"Chisenhall, Lonnie ",29,84,27,11,9,1,1,1
469,143,"Szczur, Matthew ",26,185,48,30,24,5,2,1
470,144,"Toles, Andrew ",24,105,33,19,16,3,1,1
468,142,"Soler, Jorge ",24,227,54,37,31,12,0,1
1452,165,"Tellez, Rowdy ",23,70,22,10,14,4,0,1
1451,164,"Naquin, Tyler ",27,174,46,22,23,3,1,1
1450,163,"Maile, Luke ",27,202,50,22,27,3,2,1
1449,162,"Lowe, Brandon ",23,129,30,16,25,6,2,1
1447,160,"Field, Johnny ",26,221,49,28,21,9,4,1
1446,159,"Diaz, Yandy ",26,109,34,15,15,1,0,1
1131,162,"Ervin, Phillip ",24,58,15,8,10,3,4,0
1133,164,"Garcia, Adonis ",32,173,41,19,19,5,4,0
1134,165,"Green, Grant ",29,3,0,0,0,0,0,0
1135,166,"Hundley, Nick ",33,287,70,27,35,9,0,0
1136,167,"Johnson, Micah ",26,10,2,2,0,0,1,0
1128,159,"Berry, Quintin ",32,3,0,0,0,0,2,0
1129,160,"Cervelli, Francisco ",31,265,66,31,31,5,0,0
1130,161,"Dickson, O Koyea ",27,7,1,0,0,0,0,0
1132,163,"Gale, Rocky ",29,10,1,1,2,1,0,0
1147,178,"Slater, Austin ",24,117,33,15,16,3,0,0
838,192,"Young, Chris B",33,243,57,30,25,7,3,0
1779,174,"Ellis, A.J. ",37,151,41,19,15,1,0,0
1781,176,"Franklin, Nick ",27,2,0,0,0,0,0,0
1782,177,"Freeman, Michael ",30,0,0,0,0,0,0,0
1783,178,"Gale, Rocky ",30,2,0,0,0,0,0,0
1784,179,"Garcia, Aramis ",25,63,18,8,9,4,0,0
1785,180,"Gonzalez, Adrian ",36,169,40,15,26,6,0,0
1786,181,"Gore, Terrance ",27,5,1,5,0,0,6,0
1787,182,"Iannetta, Chris ",35,299,67,36,36,11,0,0
1788,183,"Jones, Ryder ",24,8,3,2,3,2,0,0
1789,184,"Kaczmarski, Kevin ",26,4,0,0,0,0,0,0
1790,185,"Kang, Jung-ho ",31,6,2,0,0,0,0,0
1791,186,"Kratz, Erik ",38,203,48,18,23,6,1,0
1792,187,"La Stella, Tommy ",29,169,45,23,19,1,0,0
1793,188,"Lamb, Jacob ",27,207,46,34,31,6,1,0
1794,189,"Mesoraco, Devin ",30,244,54,24,33,11,0,0
1795,190,"Navarro Jr, Efren ",32,6,1,0,0,0,0,0
1796,191,"O Brien, Peter ",27,66,18,8,10,4,0,0
1797,192,"Reed, Michael ",25,7,2,1,0,0,0,0
1798,193,"Reyes, Pablo ",24,58,17,9,7,3,0,0
1799,194,"Riddle, J.T. ",26,308,71,28,36,9,0,0
1780,175,"Flowers, Tyler ",32,251,57,34,30,8,0,0
1778,173,"Duvall, Adam ",29,384,75,48,61,15,2,0
488,162,"Pham, Thomas ",28,159,36,26,17,9,2,0
1777,172,"Davis, Taylor ",28,5,2,0,2,0,0,0
486,160,"Pena, Ramiro ",30,87,26,9,10,1,0,0
485,159,"Paredes, Jimmy ",27,158,35,15,19,5,0,0
484,158,"Morse, Michael J",34,8,0,0,0,0,0,0
483,157,"Lopez, Rafael ",28,7,0,0,0,0,0,0
482,156,"Kawasaki, Munenori ",35,21,7,3,1,0,2,0
481,155,"Kalish, Ryan ",28,7,2,1,2,0,0,0
480,154,"Johnson, Micah ",25,6,1,1,0,0,0,0
479,153,"Jensen, Kyle ",28,31,6,5,7,2,0,0
478,152,"Howard, Ryan J",36,331,65,35,59,25,0,0
477,151,"Gillespie, Cole ",32,51,12,7,5,0,0,0
476,150,"Garcia, Greg ",26,214,59,33,17,3,1,0
475,149,"Diaz, Elias ",25,4,0,0,1,0,0,0
474,148,"De Jesus, Ivan ",29,221,56,21,20,1,3,0
473,147,"Cecchini, Gavin ",22,6,2,2,2,0,0,0
472,146,"Butera, Drew ",32,123,35,18,16,4,0,0
1773,168,"Aquino, Aristides ",24,1,0,0,0,0,0,0
1774,169,"Baron, Steven ",27,5,1,0,0,0,0,0
1775,170,"Bautista, Rafael ",25,6,0,1,0,0,0,0
1776,171,"Broxton, Keon ",28,78,14,15,11,4,5,0
1800,195,"Seager, Corey ",24,101,27,13,13,2,0,0
1801,196,"Sosa, Edmundo ",22,2,0,1,0,0,0,0
1802,197,"Tucker, Preston ",27,166,38,19,27,6,0,0
1803,198,"Williams, Justin ",22,1,0,0,0,0,0,0
163,163,"Machado, Dixon ",24,10,1,1,0,0,0,0
162,162,"Lowrie, Jed ",32,338,89,30,27,2,0,0
161,161,"Lee, Dae-ho ",34,292,74,33,49,14,0,0
160,160,"LaMarre, Ryan ",27,5,0,1,0,0,0,0
159,159,"Hicks, John ",26,2,1,1,0,0,0,0
158,158,"Gose, Anthony ",25,91,19,11,7,2,0,0
157,157,"Gore, Terrance ",25,3,0,6,0,0,11,0
156,156,"Duffy, Matthew ",27,3,0,0,0,0,0,0
155,155,"Davidson, Matthew ",25,2,1,1,1,0,0,0
154,154,"Cruz, Tony ",29,4,0,0,1,0,0,0
153,153,"Castillo, Rusney ",28,8,2,4,0,0,0,0
152,152,"Byrd, Marlon ",38,115,31,11,19,5,0,0
151,151,"Butera, Drew ",32,123,35,18,16,4,0,0
150,150,"Burns, Andrew ",25,6,0,2,0,0,0,0
149,149,"Benintendi, Andrew ",21,105,31,16,14,2,1,0
148,148,"Beckham, Tim ",26,198,49,25,16,5,2,0
147,147,"Bandy, Jett ",26,209,49,23,25,8,1,0
146,146,"Alvarez, Dariel ",27,3,1,0,0,0,0,0
145,145,"Aguilar, Jesus ",26,6,0,0,0,0,0,0
164,164,"Mastroianni, Darin ",30,9,0,1,0,0,1,0
165,165,"McCann, James ",26,344,76,31,48,12,0,0
166,166,"McGehee, Casey ",33,92,21,4,1,0,0,0
177,177,"Sandoval, Pablo ",29,6,0,0,0,0,0,0
1804,199,"Wright, David A",35,2,0,0,0,0,0,0
1805,200,"Zagunis, Mark ",25,5,2,0,1,0,0,0
183,183,"Zunino, Mike ",25,164,34,16,31,12,0,0
182,182,"Young Jr., Eric O",31,1,0,2,0,0,1,0
181,181,"Worth, Danny ",30,39,7,4,1,0,0,0
180,180,"Walters, Zachary ",26,5,0,0,0,0,0,0
179,179,"Tilson, Charlie ",23,2,1,0,0,0,0,0
178,178,"Smoak, Justin ",29,299,65,33,34,14,1,0
176,176,"Romine, Austin ",27,165,40,17,26,4,1,0
167,167,"Miller, Michael ",26,1,0,0,0,0,0,0
175,175,"Romero, Stefen ",27,17,4,1,3,0,0,0
174,174,"Pompey, Dalton ",23,2,0,3,0,0,2,0
173,173,"Parmelee, Chris ",28,8,4,4,4,2,0,0
172,172,"Ortega, Rafael ",25,185,43,24,16,1,8,0
171,171,"Moya, Steven ",24,94,24,9,11,5,0,0
170,170,"Morse, Michael J",34,8,0,0,0,0,0,0
169,169,"Morneau, Justin ",35,203,53,16,25,6,0,0
168,168,"Moore, Adam ",32,5,0,0,0,0,0,0
837,191,"White, Tyler ",26,61,17,7,10,3,0,0
487,161,"Perez, Yefri ",25,3,2,5,0,0,4,0
489,163,"Renfroe, Hunter ",24,35,13,8,14,4,0,0
815,169,"Den Dekker, Matthew ",29,7,1,1,0,0,0,0
813,167,"Ceciliani, Darrell ",27,5,2,2,3,1,0,0
812,166,"Casali, Curtis ",28,9,3,2,3,1,0,0
811,165,"Burns, Billy ",27,6,1,1,0,0,0,0
810,164,"Brugman, Jaycob ",25,143,38,12,12,3,1,0
809,163,"Beltran, Carlos ",40,467,108,60,51,14,0,0
808,162,"Bautista, Jose A",36,587,119,92,65,23,6,0
807,161,"Barney, Darwin ",31,336,78,34,25,6,7,0
806,160,"Andujar, Miguel ",22,7,4,0,4,0,1,0
805,159,"Alford, Anthony ",22,8,1,0,0,0,0,0
1453,166,"Butler, Daniel ",31,6,1,0,1,0,0,0
1454,167,"Castro, Harold ",24,10,3,2,0,0,1,0
1455,168,"Fernandez, Jose  Miguel ",30,116,31,9,11,2,1,0
1456,169,"Garneau, Dustin ",30,2,1,0,1,0,0,0
1457,170,"Gonzalez, Alfredo ",25,9,1,0,1,0,0,0
1458,171,"Graterol, Juan ",29,8,2,2,0,0,0,0
1459,172,"Johnson, Sherman ",27,10,0,0,0,0,0,0
1460,173,"Mahtook, Mikie ",28,223,45,24,29,9,4,0
1461,174,"Maldonado, Martin ",31,373,84,39,44,9,0,0
490,164,"Revere, Ben ",28,350,76,44,24,2,14,0
814,168,"Cowart, Kaleb ",25,102,23,18,11,3,4,0
816,170,"Diaz, Yandy ",25,156,41,25,13,0,2,0
1464,177,"Reed, A.J. ",25,3,0,0,0,0,0,0
817,171,"Flores, Ramon ",25,8,1,0,1,0,0,0
836,190,"Washington, David ",26,6,0,0,0,0,0,0
835,189,"Swihart, Blake ",25,5,1,1,0,0,0,0
834,188,"Selsky, Steve ",27,9,1,0,0,0,0,0
833,187,"Romine, Andrew ",31,314,73,45,25,4,6,0
832,186,"Reed, A.J. ",24,6,0,0,0,0,0,0
831,185,"Powell, Boog ",24,117,33,24,12,3,0,0
830,184,"Pena, Francisco ",27,10,5,3,2,2,0,0
829,183,"Parmley, Ian ",27,3,0,0,0,0,0,0
828,182,"Martin, Russell N",34,307,68,49,35,13,1,0
827,181,"Marrero, Chris ",29,38,5,2,5,1,0,0
826,180,"Marjama, Mike ",27,9,3,1,1,1,0,0
825,179,"Lombardozzi, Steve ",28,8,0,0,0,0,0,0
824,178,"LaMarre, Ryan ",28,7,0,0,0,0,0,0
823,177,"Kratz, Erik ",37,2,2,0,2,0,0,0
822,176,"Heredia, Guillermo ",26,386,96,43,24,6,1,0
821,175,"Gore, Terrance ",26,4,0,2,0,0,2,0
820,174,"Giavotella, Johnny ",29,10,1,0,0,0,1,0
819,173,"Gentry, Craig ",33,101,26,17,11,2,5,0
818,172,"Fowler, Dustin ",22,0,0,0,0,0,0,0
1463,176,"Pompey, Dalton ",25,10,2,0,0,0,0,0
1462,175,"McKinney, Billy ",23,119,30,14,13,6,1,0
1465,178,"Reyes, Victor ",23,212,47,35,12,1,9,0
1466,179,"Rondon, Jose ",24,100,23,15,14,6,2,0
1143,174,"Pederson, Joc ",25,273,58,44,35,11,4,0
1144,175,"Recker, Anthony ",33,7,1,1,0,0,0,0
1145,176,"Reinheimer, Jack ",24,5,0,0,0,0,0,0
1146,177,"Rivera, Yadiel ",25,2,0,0,0,0,0,0
1148,179,"Suzuki, Ichiro ",43,196,50,19,20,3,1,0
1149,180,"Toles, Andrew ",25,96,26,17,15,5,0,0
1150,181,"Tomas, Yasmany ",26,166,40,19,32,8,0,0
1151,182,"Valera, Breyvic ",24,10,1,0,0,0,0,0
1152,183,"Vincej, Zach ",26,9,1,2,0,0,0,0
1138,169,"Locastro, Tim ",24,1,0,0,0,0,1,0
501,175,"Ynoa, Rafael ",28,5,0,0,0,0,0,0
500,174,"Wong, Kolten ",25,313,75,39,23,5,7,0
499,173,"Walters, Zachary ",26,5,0,0,0,0,0,0
498,172,"Scruggs, Xavier ",28,62,13,1,5,1,0,0
497,171,"Schwarber, Kyle ",23,4,0,0,0,0,0,0
496,170,"Sardinas, Luis ",23,180,44,25,18,4,4,0
495,169,"Ruiz, Rio ",22,7,2,1,2,0,1,0
494,168,"Ruiz, Carlos ",37,201,53,21,15,3,3,0
493,167,"Ruf, Darin ",29,83,17,8,9,3,0,0
492,166,"Ross, David ",39,166,38,24,32,10,0,0
491,165,"Rogers, Jason ",28,25,2,2,2,0,0,0
1142,173,"Nido, Tomas ",23,10,3,0,3,0,0,0
1141,172,"Murphy, John Ryan",26,7,1,0,1,0,0,0
1140,171,"Marrero, Chris ",29,38,5,2,5,1,0,0
1474,187,"Swihart, Blake ",26,192,44,28,18,3,6,0
1467,180,"Saltalamacchia, Jarrod ",33,7,0,0,0,0,0,0
1468,181,"Sanchez, Gary ",25,323,60,51,53,18,1,0
1469,182,"Schimpf, Ryan ",30,5,1,2,2,1,0,0
1470,183,"Snyder, Brandon R",31,6,1,0,0,0,0,0
1471,184,"Stassi, Max ",27,221,50,28,27,8,0,0
1472,185,"Straw, Myles ",23,9,3,4,1,1,2,0
1139,170,"Lombardozzi, Steve ",28,8,0,0,0,0,0,0
1473,186,"Sweeney, Darnell ",27,2,0,0,0,0,0,0
1475,188,"Taylor, Beau ",28,5,1,0,0,0,0,0
1476,189,"Trevino, Jose ",25,8,2,0,3,0,0,0
1477,190,"Urena, Richard ",22,99,29,10,6,1,2,0
1478,191,"Velazquez, Andrew ",23,10,3,3,0,0,1,0
1479,192,"Vielma, Engelb ",24,7,1,1,0,0,0,0
1480,193,"Vincej, Zach ",27,4,2,0,1,0,0,0
1481,194,"Walker, Neil ",32,347,76,48,46,11,0,0
1482,195,"Zunino, Mike ",27,373,75,37,44,20,0,0
1137,168,"LaMarre, Ryan ",28,7,0,0,0,0,0,0
1169,200,"Swanson, Dansby ",23,488,113,59,51,6,3,-1
1170,201,"Villanueva, Christian ",26,32,11,5,7,4,0,-1
1171,202,"Voit, Luke ",26,114,28,18,18,4,0,-1
1172,203,"Wieters, Matt ",31,422,95,43,52,10,1,-1
1487,200,"Marte, Jefry ",27,194,42,28,22,7,1,-1
1483,196,"Arcia, Francisco ",28,103,21,10,23,6,1,-1
1484,197,"Barreto, Franklin ",22,73,17,10,16,5,0,-1
1817,212,"Rivera, Rene ",34,86,20,8,11,4,0,-1
1816,211,"Prado, Martin M",34,197,48,16,18,1,1,-1
1815,210,"Ortega, Rafael ",27,133,31,10,7,0,5,-1
1814,209,"McMahon, Ryan ",23,181,42,17,19,5,1,-1
1813,208,"Holliday, Matt T",38,53,15,3,3,2,0,-1
1812,207,"Hampson, Garrett ",23,40,11,3,4,0,2,-1
1811,206,"Garcia, Greg ",28,181,40,15,15,3,3,-1
1810,205,"Flaherty, Ryan ",31,161,35,17,13,2,4,-1
1809,204,"Dean, Austin ",24,113,25,16,14,4,1,-1
1808,203,"D Arnaud, Chase ",31,93,20,9,9,3,2,-1
1807,202,"Blanco, Gregor ",34,189,41,19,12,2,6,-1
1806,201,"Adams, Lane ",28,25,6,10,6,2,1,-1
1497,210,"Zimmer, Bradley ",25,106,24,14,9,2,4,-1
1496,209,"Wynns, Austin ",27,110,28,16,11,4,0,-1
1495,208,"Valbuena, Luis ",32,266,53,23,33,9,3,-1
1494,207,"Torreyes, Ronald ",25,100,28,9,7,0,0,-1
1493,206,"Tilson, Charlie ",25,106,28,7,11,0,2,-1
1492,205,"Stewart, D.J. ",24,40,10,8,10,3,2,-1
1491,204,"Sano, Miguel ",25,266,53,32,41,13,0,-1
1490,203,"Rodriguez, Ronny ",26,191,42,17,20,5,2,-1
1489,202,"Perez, Michael ",25,74,21,9,11,1,0,-1
1488,201,"Mullins II, Cedric ",23,170,40,23,11,4,2,-1
1167,198,"Santana, Daniel ",26,168,34,19,23,4,7,-1
1486,199,"Heredia, Guillermo ",27,292,69,29,19,5,2,-1
1485,198,"Forsythe, Logan ",31,371,86,37,27,2,3,-1
1168,199,"Sierra, Magneuris ",21,60,19,10,5,0,2,-1
1818,213,"Stevenson, Andrew ",24,75,19,9,13,1,1,-1
1166,197,"Sanchez, Hector ",27,137,30,14,25,8,0,-1
1158,189,"Hernandez, Enrique ",25,297,64,46,37,11,3,-1
1160,191,"Moore, Tyler ",30,187,43,17,30,6,0,-1
1161,192,"Osuna, Jose ",24,215,50,31,30,7,0,-1
516,190,"Zimmerman, Ryan W",31,427,93,60,46,15,4,-1
515,189,"Wright, David A",33,137,31,18,14,7,3,-1
514,188,"Selsky, Steve ",26,51,16,9,7,2,1,-1
513,187,"Recker, Anthony ",32,90,25,6,15,2,1,-1
512,186,"Quinn, Roman ",23,57,15,10,6,0,5,-1
511,185,"Pollock, A.J. ",28,41,10,9,4,2,4,-1
510,184,"Peralta, David ",28,171,43,23,15,4,2,-1
509,183,"Murphy, Tom ",25,44,12,8,13,5,1,-1
508,182,"La Stella, Tommy ",27,148,40,17,11,2,0,-1
507,181,"Difo, Wilmer ",24,58,16,14,7,1,3,-1
506,180,"Conforto, Michael ",23,304,67,38,42,12,2,-1
505,179,"Blanco, Andres ",32,190,48,26,21,4,2,-1
504,178,"Bell, Josh E",23,128,35,18,19,3,0,-1
1159,190,"Knapp, Andrew ",25,171,44,26,13,3,1,-1
1157,188,"Hanigan, Ryan ",36,101,27,9,12,2,0,-1
502,176,"Almora, Albert ",22,112,31,14,14,3,0,-1
1156,187,"Garcia, Greg ",27,241,61,27,20,2,2,-1
844,198,"Granite, Zach ",24,93,22,14,13,1,2,-1
845,199,"Guyer, Brandon ",31,165,39,23,20,2,2,-1
846,200,"Leon, Sandy ",28,271,61,32,39,7,0,-1
847,201,"Marrero, Deven ",26,171,36,32,27,4,5,-1
848,202,"Peterson, Shane ",29,79,20,9,11,2,2,-1
849,203,"Robinson, Drew ",25,107,24,11,13,6,0,-1
850,204,"Sisco, Chance ",22,18,6,3,4,2,0,-1
851,205,"Smith, Dwight ",24,27,10,2,1,0,1,-1
841,195,"Fisher, Derek ",23,146,31,21,17,5,3,-1
840,194,"Davis, J.D. ",24,62,14,8,7,4,1,-1
839,193,"Bourjos, Peter ",30,188,42,27,15,5,5,-1
1165,196,"Rupp, Cameron ",28,295,64,35,34,14,1,-1
1153,184,"Florimon Jr., Pedro A",30,46,16,6,6,0,0,-1
842,196,"Frazier, Clint ",22,134,31,16,17,4,1,-1
1155,186,"Fuentes, Reymond ",26,136,32,19,9,3,4,-1
503,177,"Arcia, Orlando ",21,201,44,21,17,4,8,-1
1154,185,"Forsythe, Logan ",30,361,81,56,36,6,3,-1
843,197,"Gonzalez, Erik ",25,110,28,18,11,4,1,-1
186,186,"Centeno, Juan ",26,176,46,16,25,3,0,-1
197,197,"Wilson, Bobby L",33,228,54,25,33,7,0,-1
196,196,"Wendle, Joe ",26,96,25,11,11,1,2,-1
195,195,"Vargas, Kennys ",25,152,35,27,20,10,0,-1
194,194,"Sucre, Jesus ",28,25,12,4,5,1,0,-1
193,193,"Smolinski, Jacob ",27,290,69,28,27,7,1,-1
192,192,"Profar, Jurickson ",23,272,65,35,20,5,2,-1
191,191,"Maxwell III, Bruce ",25,92,26,8,14,1,0,-1
190,190,"Marisnick, Jake ",25,287,60,40,21,5,10,-1
189,189,"Gurriel, Yulieski ",32,130,34,13,15,3,1,-1
187,187,"Chirinos, Robinson ",32,147,33,21,20,9,0,-1
188,188,"Deshields Jr., Delino ",23,182,38,36,13,4,8,-1
185,185,"Aybar, Erick ",32,415,101,34,34,3,3,-1
1164,195,"Rosales, Adam M",34,289,65,25,36,7,1,-1
1163,194,"Riddle, J.T. ",25,228,57,20,31,3,0,-1
1162,193,"Plawecki, Kevin  ",26,100,26,11,13,3,1,-1
184,184,"Austin, Tyler ",24,83,20,7,12,5,1,-1
1502,215,"Delmonico, Nick ",25,284,61,31,25,8,1,-2
1499,212,"Berti, Jon ",28,15,4,2,2,0,1,-2
1500,213,"Bird, Gregory ",25,272,54,23,38,11,0,-2
1501,214,"Briceno, Jose ",35,117,28,12,10,5,0,-2
1503,216,"Guyer, Brandon ",32,194,40,25,27,7,1,-2
1508,221,"McCann, James ",28,427,94,31,39,8,0,-2
1507,220,"McCann, Brian ",34,189,40,22,23,7,0,-2
1506,219,"Jansen, Danny ",23,81,20,12,8,3,0,-2
1505,218,"Herrmann, Chris ",30,76,18,6,7,2,0,-2
1504,217,"Herrera, Rosell ",25,278,65,25,20,1,3,-2
1510,223,"Petit, Gregorio ",33,61,15,7,3,0,3,-2
1509,222,"McGuire, Reese ",23,31,9,5,4,2,1,-2
1514,227,"Young Jr., Eric O",33,109,22,12,8,1,5,-2
1819,214,"Barnes, Austin ",28,200,41,32,14,4,4,-2
1830,225,"Murphy, Tom ",27,93,21,5,11,2,0,-2
1822,217,"Cuevas, Noel ",26,146,34,16,10,2,1,-2
1823,218,"D Arnaud, Travis ",29,15,3,1,3,1,0,-2
1824,219,"Farmer, Kyle ",27,68,16,1,9,0,0,-2
1825,220,"Florimon Jr., Pedro A",31,71,16,13,5,2,1,-2
1826,221,"Galloway, Isaac ",28,64,13,7,7,3,1,-2
1827,222,"Kieboom, Spencer ",27,125,29,16,13,2,0,-2
1828,223,"Locastro, Tim ",25,11,2,6,0,0,4,-2
1829,224,"Murphy, John Ryan",27,208,42,19,24,9,0,-2
1831,226,"Osuna, Jose ",25,106,24,14,11,3,0,-2
1511,224,"Rua, Ryan ",28,139,27,17,12,6,3,-2
1832,227,"Plawecki, Kevin  ",27,238,50,33,30,7,0,-2
1833,228,"Plouffe, Trevor ",32,12,3,1,3,1,0,-2
1834,229,"Sanchez, Adrian ",27,58,16,8,3,0,0,-2
1835,230,"Smith, Dominic ",23,143,32,14,11,5,0,-2
1836,231,"Szczur, Matthew ",28,75,14,11,6,1,3,-2
1181,212,"Kivlehan, Patrick ",27,178,37,23,26,9,1,-2
1513,226,"Stewart, Christin ",24,60,16,7,10,2,0,-2
1512,225,"Smith, Dwight ",25,65,17,9,8,2,0,-2
1498,211,"Alvarez, Pedro ",31,111,20,18,18,8,0,-2
881,235,"Torres, Ramon ",24,74,18,9,4,0,1,-2
1180,211,"Jaso, John ",33,256,54,28,35,10,1,-2
865,219,"Gimenez, Chris P",34,186,41,28,16,7,1,-2
863,217,"Cuthbert, Cheslor ",24,143,33,10,18,2,0,-2
862,216,"Cooper, Garrett ",26,43,14,3,6,0,0,-2
861,215,"Choi, Ji-Man ",26,15,4,2,5,2,0,-2
860,214,"Carter, Chris ",30,184,37,20,26,8,0,-2
859,213,"Calhoun, Willie ",22,34,9,3,4,1,0,-2
858,212,"Brantly, Rob ",27,31,9,4,5,2,0,-2
857,211,"Bird, Gregory ",24,147,28,20,28,9,0,-2
856,210,"Austin, Tyler ",25,40,9,4,8,2,0,-2
855,209,"Alvarez, Pedro ",30,32,10,4,4,1,0,-2
854,208,"Almonte, Abraham ",28,172,40,26,14,3,2,-2
853,207,"Allen, Greg ",24,35,8,7,6,1,1,-2
852,206,"Adduci, James ",32,83,20,14,10,1,1,-2
1177,208,"D Arnaud, Chase ",30,58,11,12,3,1,5,-2
1176,207,"Coleman, Dusty ",30,66,15,6,9,4,1,-2
1175,206,"Bostick, Christopher ",24,27,8,6,1,0,0,-2
1174,205,"Bader, Harrison ",23,85,20,10,10,3,2,-2
1173,204,"Amarista, Alexi ",28,168,40,22,19,3,1,-2
864,218,"Gallagher, Cameron ",24,24,6,2,5,1,0,-2
866,220,"Gordon, Alex ",33,476,99,52,45,9,7,-2
1179,210,"Gonzalez, Adrian ",35,231,56,14,30,3,0,-2
867,221,"Hernandez, Marco ",24,58,16,7,2,0,0,-2
1178,209,"Drew, Stephen ",34,95,24,9,17,1,0,-2
883,237,"Wendle, Joe ",27,13,4,3,5,1,0,-2
882,236,"Travis, Sam ",23,76,20,13,1,0,1,-2
206,206,"Moustakas, Mike ",27,104,25,12,13,7,0,-2
880,234,"Santander, Anthony ",22,30,8,1,2,0,0,-2
879,233,"Rua, Ryan ",27,129,28,17,12,3,2,-2
878,232,"Perez, Roberto ",28,217,45,22,38,8,0,-2
877,231,"Mondesi, Raul A",21,53,9,4,3,1,5,-2
876,230,"Miller, Bradley ",27,338,68,43,40,9,5,-2
875,229,"Maxwell III, Bruce ",26,219,52,21,22,3,0,-2
874,228,"Maldonado, Martin ",30,429,95,43,38,14,0,-2
873,227,"Machado, Dixon ",25,166,43,17,11,1,1,-2
872,226,"Lopez, Rafael ",29,54,12,9,12,4,0,-2
871,225,"Liriano, Rymer ",26,41,9,4,6,1,1,-2
870,224,"Lin, Tzu-Wei ",23,56,15,7,2,0,1,-2
869,223,"Lavarnway, Ryan ",29,11,3,0,2,0,0,-2
868,222,"Hoying, Jared ",28,72,16,13,7,1,3,-2
1821,216,"Crawford, J.P. ",23,117,25,17,12,3,2,-2
205,205,"Mondesi, Raul A",20,135,25,16,13,2,9,-2
1820,215,"Caratini, Victor ",24,181,42,21,21,2,0,-2
1841,236,"Vargas, Ildemaro ",26,19,4,2,4,1,1,-2
1843,238,"Williamson, Mac ",27,94,20,14,11,4,1,-2
204,204,"Mancini, Trey ",24,14,5,3,5,3,0,-2
203,203,"Jackson, Austin ",29,181,46,24,18,0,2,-2
202,202,"Hicks, Aaron ",26,327,71,32,31,8,3,-2
201,201,"Hernandez, Marco ",23,51,15,11,5,1,1,-2
200,200,"Heredia, Guillermo ",25,92,23,12,12,1,1,-2
199,199,"Escobar, Eduardo ",27,352,83,32,37,6,1,-2
198,198,"Castro, Jason ",29,329,69,41,32,11,2,-2
517,191,"Bethancourt, Christian ",24,193,44,20,25,6,1,-2
518,192,"Cabrera, Ramon ",26,171,42,11,23,3,1,-2
519,193,"Culberson, Charlie ",27,67,20,6,7,1,1,-2
520,194,"Duda, Lucas ",30,153,35,20,23,7,0,-2
521,195,"Haniger, Mitch ",25,109,25,9,17,5,0,-2
522,196,"Iribarren, Hernan ",32,45,14,6,2,0,1,-2
523,197,"Lagares, Juan ",27,142,34,15,9,3,4,-2
524,198,"Parker, Jarrett ",27,127,30,22,14,5,0,-2
525,199,"Robinson, Clint ",31,196,46,16,26,5,0,-2
526,200,"Ruggiano, Justin ",34,24,8,4,7,2,0,-2
527,201,"Sanchez, Hector ",26,49,13,3,8,3,0,-2
528,202,"Severino, Pedro ",22,28,9,6,4,2,0,-2
529,203,"Snyder, Brandon R",29,46,11,8,9,4,0,-2
1842,237,"Verdugo, Alex ",22,77,20,11,4,1,0,-2
530,204,"Tapia, Raimel ",22,38,10,4,3,0,3,-2
1840,235,"Utley, Chase ",39,164,35,18,14,1,3,-2
1837,232,"Tapia, Raimel ",24,25,5,6,6,1,0,-2
212,212,"Torreyes, Ronald ",23,155,40,20,12,1,2,-2
1839,234,"Urias, Luis ",21,48,10,5,5,2,1,-2
211,211,"Soto, Geovany ",33,78,21,11,9,4,0,-2
210,210,"Phegley, Joshua ",28,78,20,11,10,1,0,-2
209,209,"Petit, Gregorio ",31,204,50,21,17,2,1,-2
208,208,"O Malley, Shawn ",28,210,48,24,17,2,6,-2
1182,213,"Martin, Leonys ",29,128,22,14,9,3,7,-2
1183,214,"Sanchez, Adrian ",26,71,19,6,11,0,0,-2
1184,215,"Sandoval, Pablo ",30,259,57,27,32,9,0,-2
1838,233,"Toles, Andrew ",26,30,7,5,4,0,1,-2
207,207,"Narvaez, Omar ",24,101,27,13,10,1,0,-2
213,213,"White, Tyler ",25,249,54,24,28,8,1,-2
214,214,"Alcantara, Arismendy ",24,19,4,2,2,0,3,-3
1867,262,"Santana, Daniel ",27,28,5,4,2,0,1,-3
1868,263,"Shaw, Chris ",24,54,10,2,7,1,1,-3
1869,264,"Stallings, Jacob ",28,37,8,2,5,0,0,-3
1870,265,"Stewart, Chris D",36,15,3,3,3,0,0,-3
1871,266,"Telis, Tomas ",27,29,6,2,1,0,0,-3
1872,267,"Trahan, Blake ",24,14,3,2,0,0,0,-3
1873,268,"Walker, Christian ",27,49,8,6,6,3,1,-3
1874,269,"Wallach, Chad ",26,45,8,4,5,1,0,-3
217,217,"Collins, Tyler ",26,136,32,14,15,4,1,-3
215,215,"Brantley, Michael C",29,39,9,5,7,0,1,-3
216,216,"Brentz, Bryce ",27,61,17,8,7,1,0,-3
218,218,"Fuentes, Reymond ",25,41,13,2,5,0,0,-3
219,219,"Garcia, Leury ",25,48,11,6,5,1,2,-3
220,220,"Graterol, Juan ",27,14,4,2,3,0,0,-3
221,221,"Hernandez, Teoscar ",23,100,23,15,11,4,0,-3
230,230,"Swihart, Blake ",24,62,16,9,5,0,0,-3
229,229,"Shaffer, Richie ",25,48,12,5,4,1,0,-3
228,228,"Rutledge, Josh ",27,49,13,9,3,0,2,-3
531,205,"Adrianza, Ehire ",26,63,16,3,7,2,0,-3
226,226,"Rodriguez, Alex ",40,225,45,19,31,9,3,-3
225,225,"Refsnyder, Rob ",25,152,38,25,12,0,2,-3
224,224,"Park, Byung Ho ",29,215,41,28,24,12,1,-3
223,223,"Nicholas, Brett ",27,40,11,5,4,2,0,-3
222,222,"Maile, Luke ",25,119,27,10,15,3,0,-3
227,227,"Rollins, Jimmy ",37,149,33,25,8,2,5,-3
555,229,"Raburn, Ryan ",35,223,49,30,30,9,0,-3
532,206,"Altherr, Aaron ",25,198,39,23,22,4,7,-3
552,226,"Nimmo, Brandon ",23,73,20,12,6,1,0,-3
1528,241,"Phegley, Joshua ",30,93,19,13,15,2,0,-3
1529,242,"Skole, Matt ",28,11,3,2,1,1,0,-3
1530,243,"Travis, Sam ",24,36,8,5,7,1,0,-3
1531,244,"Valera, Breyvic ",25,64,15,8,8,0,1,-3
1532,245,"Viloria, Meibrys ",21,27,7,4,4,0,0,-3
1533,246,"Vogelbach, Daniel ",25,87,18,9,13,4,0,-3
1534,247,"Young, Chris B",34,113,19,17,13,6,2,-3
548,222,"Margot, Manuel ",21,37,9,4,3,0,2,-3
549,223,"Martinez, Jose ",27,16,7,4,1,0,0,-3
550,224,"Mathis, Jeff ",33,126,30,12,15,2,0,-3
551,225,"Montero, Miguel A",32,241,52,33,33,8,1,-3
553,227,"Patterson, Jordan ",24,18,8,1,2,0,0,-3
533,207,"Beckham, Gordon ",29,245,52,25,31,5,1,-3
554,228,"Pina, Manny ",29,71,18,4,12,2,0,-3
566,240,"Williamson, Mac ",25,112,25,14,15,6,0,-3
565,239,"Telis, Tomas ",25,13,4,1,4,1,0,-3
564,238,"Susac, Andrew ",26,17,4,3,2,1,0,-3
563,237,"Stallings, Jacob ",26,15,6,0,2,0,1,-3
562,236,"Spangenberg, Cory ",25,48,11,6,8,1,1,-3
561,235,"Segedin, Robert ",27,73,17,9,12,2,0,-3
560,234,"Rollins, Jimmy ",37,149,33,25,8,2,5,-3
559,233,"Rojas, Miguel ",27,194,48,27,14,1,2,-3
558,232,"Rodriguez, Alex ",40,225,45,19,31,9,3,-3
557,231,"Rivera, Rene ",32,185,41,12,26,6,0,-3
1527,240,"Negron, Kristopher ",32,32,7,6,4,1,2,-3
1526,239,"Morrison, Logan ",30,318,59,41,39,15,1,-3
1525,238,"Lin, Tzu-Wei ",24,65,16,15,6,1,0,-3
1524,237,"Gimenez, Chris P",35,57,12,7,7,2,1,-3
534,208,"Blanco, Gregor ",32,241,54,28,18,1,6,-3
535,209,"Brown, Trevor ",24,173,41,17,19,5,0,-3
556,230,"Reynolds, Matt ",25,89,20,11,13,3,0,-3
537,211,"Fryer, Eric ",30,116,31,19,13,0,0,-3
538,212,"Fuentes, Reymond ",25,41,13,2,5,0,0,-3
539,213,"Garneau, Dustin ",28,68,16,7,6,1,0,-3
540,214,"Goodwin, Brian ",25,42,12,1,5,0,0,-3
541,215,"Green, Grant ",28,46,12,7,7,1,0,-3
542,216,"Hechavarria, Adeiny ",27,508,120,52,38,3,1,-3
543,217,"Heisey, Chris ",31,139,30,18,17,9,0,-3
544,218,"Hernandez, Gorkys ",28,54,14,7,4,2,0,-3
545,219,"Holt, Tyler ",27,179,42,21,13,0,4,-3
546,220,"Hood, Destin ",26,25,6,3,2,1,0,-3
547,221,"Lough, David ",30,67,16,6,4,0,1,-3
1515,228,"Andreoli, John ",28,61,14,4,4,0,2,-3
1516,229,"Arroyo, Christian ",23,53,14,5,6,1,0,-3
1517,230,"Barnes, Brandon ",32,19,5,2,2,1,0,-3
1518,231,"Bonifacio, Jorge ",25,236,53,31,23,4,0,-3
1519,232,"Calhoun, Willie ",23,99,22,8,11,2,0,-3
1520,233,"Cozart, Zack ",32,224,49,29,18,5,0,-3
1521,234,"Cruz, Tony ",31,26,4,2,2,1,0,-3
1522,235,"Davis, Jonathan ",26,25,5,3,0,0,3,-3
1523,236,"Fisher, Derek ",24,79,13,13,11,4,2,-3
536,210,"D Arnaud, Travis ",27,251,62,27,15,4,0,-3
909,263,"Urena, Richard ",21,68,14,6,4,1,1,-3
884,238,"Barreto, Franklin ",21,71,14,10,6,2,2,-3
1857,252,"Guillorme, Luis ",23,67,14,4,5,0,1,-3
1863,258,"Mejia, Francisco  ",22,56,10,6,8,3,0,-3
885,239,"Beckham, Gordon ",30,17,3,2,0,0,1,-3
1861,256,"Lopez, Rafael ",30,102,18,11,13,3,1,-3
1860,255,"Lee, Braxton ",24,17,3,0,2,0,0,-3
1859,254,"Kivlehan, Patrick ",28,13,3,3,0,0,0,-3
1858,253,"Herrera, Dilson ",24,87,16,11,11,5,0,-3
1856,251,"Guerrero, Gabriel ",24,18,3,1,1,1,0,-3
1865,260,"Orf, Nate ",28,21,2,4,1,1,1,-3
1855,250,"Gomez, Miguel ",25,15,4,3,1,0,0,-3
1844,239,"Altherr, Aaron ",27,243,44,28,38,8,3,-3
1845,240,"Avelino, Abiatal ",23,11,3,1,0,0,0,-3
1846,241,"Blandino, Alex ",25,128,30,14,8,1,0,-3
1847,242,"Bourjos, Peter ",31,44,9,5,4,1,0,-3
1848,243,"Brinson, Lewis ",24,382,76,31,42,11,2,-3
1864,259,"Nottingham, Jacob ",23,20,4,2,0,0,0,-3
1866,261,"Reynolds, Matt ",27,13,2,1,1,0,0,-3
895,249,"Moran, Colin ",24,11,4,3,3,1,0,-3
903,257,"Raburn, Ryan ",36,65,17,7,6,2,0,-3
897,251,"Nicholas, Brett ",28,63,15,7,11,2,0,-3
898,252,"Norris, Derek ",28,179,36,21,24,9,1,-3
899,253,"Nunez, Renato ",23,15,3,1,3,1,0,-3
900,254,"Ohlman, Mike ",26,13,3,1,1,0,0,-3
901,255,"Orlando, Paulo ",31,86,17,9,6,2,1,-3
902,256,"Puello, Cesar ",26,34,7,6,3,0,2,-3
904,258,"Robinson, Shane M",32,31,6,7,1,0,2,-3
912,266,"Williams, Mason ",25,16,4,3,1,0,2,-3
905,259,"Ruggiano, Justin ",35,60,13,2,4,2,1,-3
906,260,"Smolinski, Jacob ",28,27,7,1,0,0,0,-3
907,261,"Soto, Geovany ",34,42,8,5,9,3,0,-3
908,262,"Stassi, Max ",26,24,4,5,4,2,0,-3
910,264,"Urshela, Giovanny ",25,156,35,14,15,1,0,-3
911,265,"Vogelbach, Daniel ",24,28,6,0,2,0,0,-3
1849,244,"Castro, Daniel ",25,46,8,2,6,1,0,-3
1850,245,"Cooper, Garrett ",27,33,7,2,2,0,0,-3
1851,246,"Cozens, Dylan ",24,38,6,2,2,1,1,-3
1192,223,"Ethier, Andre ",35,34,8,3,3,2,0,-3
1198,229,"Herrmann, Chris ",29,226,41,35,27,10,5,-3
1197,228,"Gutierrez, Franklin R",34,56,13,8,8,1,0,-3
1196,227,"Freitas, David ",28,17,4,2,2,0,0,-3
1195,226,"Federowicz, Tim ",29,13,3,3,3,2,0,-3
1194,225,"Farmer, Kyle ",26,20,6,1,2,0,0,-3
1193,224,"Evans, Phillip ",24,33,10,4,1,0,0,-3
1191,222,"Eibner, Brett ",28,33,6,3,6,2,0,-3
1852,247,"Cruz, Tony ",31,26,4,2,2,1,0,-3
1190,221,"Crawford, J.P. ",22,70,15,8,6,0,1,-3
1189,220,"Cordero, Franchy ",22,92,21,15,9,3,1,-3
1188,219,"Caratini, Victor ",23,59,15,6,2,1,0,-3
1187,218,"Blash, Jabari ",27,164,35,24,16,5,1,-3
1186,217,"Bandy, Jett ",27,169,35,14,18,6,1,-3
1185,216,"Anderson, Brian ",24,84,22,11,8,0,0,-3
1199,230,"Huffman, Chad ",32,14,4,3,0,0,0,-3
1200,231,"Luplow, Jordan ",23,78,16,6,11,3,0,-3
1201,232,"Mesoraco, Devin ",29,141,30,17,14,6,1,-3
1202,233,"Moroff, Max ",24,120,24,19,21,3,0,-3
1203,234,"Norris, Derek ",28,179,36,21,24,9,1,-3
1204,235,"Peterson, Jace ",27,186,40,15,17,2,3,-3
1205,236,"Prado, Martin M",33,140,35,13,12,2,0,-3
1206,237,"Raburn, Ryan ",36,65,17,7,6,2,0,-3
1207,238,"Robles, Victor  ",20,24,6,2,4,0,0,-3
1208,239,"Ruggiano, Justin ",35,60,13,2,4,2,1,-3
1209,240,"Smith, Dominic ",22,167,33,17,26,9,0,-3
1210,241,"Stallings, Jacob ",27,14,5,3,3,0,0,-3
1211,242,"Vargas, Ildemaro ",25,13,4,4,4,0,0,-3
1212,243,"Walker, Christian ",26,12,3,2,2,2,0,-3
1213,244,"Williamson, Mac ",26,68,16,8,6,3,1,-3
1854,249,"Federowicz, Tim ",30,40,9,5,4,1,0,-3
1853,248,"Evans, Phillip ",25,21,3,1,1,0,1,-3
896,250,"Naquin, Tyler ",26,37,8,4,1,0,0,-3
1862,257,"Marrero, Deven ",27,78,13,11,7,0,3,-3
894,248,"Montero, Miguel A",33,185,40,24,16,6,1,-3
886,240,"Canha, Mark ",28,173,36,16,14,5,2,-3
887,241,"Centeno, Juan ",27,52,12,5,4,2,0,-3
888,242,"Eibner, Brett ",28,33,6,3,6,2,0,-3
889,243,"Featherston, Taylor ",27,39,7,6,6,2,1,-3
890,244,"Garcia, Willy ",24,105,25,15,12,2,0,-3
891,245,"Hays, Austin ",21,60,13,4,8,1,0,-3
892,246,"Jones, JaCoby ",25,141,24,14,13,3,6,-3
893,247,"Kemp, Anthony ",25,37,8,6,4,0,1,-3
267,267,"Vazquez, Christian ",25,172,39,21,12,1,0,-4
263,263,"Sanchez, Carlos ",24,154,32,15,21,4,0,-4
264,264,"Sands, Jerry ",28,55,13,2,7,1,0,-4
265,265,"Solano, Donovan ",28,22,5,5,2,1,0,-4
266,266,"Teixeira, Mark ",36,387,79,43,44,15,2,-4
578,252,"Ellis, A.J. ",35,171,37,11,22,2,2,-4
268,268,"Williams, Mason ",24,27,8,4,2,0,0,-4
1898,293,"Walding, Mitch ",25,17,1,1,2,1,0,-4
1897,292,"Tauchman, Mike ",27,32,3,5,0,0,1,-4
1896,291,"Sierra, Moises ",29,54,9,4,4,0,1,-4
261,261,"Reimold, Nolan ",32,203,45,25,15,6,1,-4
262,262,"Robertson, Daniel ",30,19,5,1,1,0,0,-4
256,256,"Moncada, Yoan ",21,19,4,3,1,0,0,-4
260,260,"Pinder, Chad ",24,51,12,4,4,1,0,-4
259,259,"Perez, Carlos ",25,268,56,25,31,5,1,-4
258,258,"Olivera, Hector ",31,19,4,2,2,0,0,-4
257,257,"Nunez, Renato ",22,15,2,0,1,0,0,-4
1894,289,"Reyes, Jose B",35,228,43,30,16,4,5,-4
255,255,"Martinez, Michael ",33,101,24,16,4,1,0,-4
254,254,"Lake, Junior ",26,35,7,5,2,1,1,-4
253,253,"Kemp, Anthony ",24,120,26,15,7,1,2,-4
252,252,"Judge, Aaron ",24,84,15,10,10,4,0,-4
251,251,"Jones, JaCoby ",24,28,6,3,2,0,0,-4
250,250,"Jennings, Desmond ",29,200,40,22,20,7,2,-4
1895,290,"Ruiz, Rio ",24,12,1,1,0,0,0,-4
1232,263,"Reynolds, Matt ",26,113,26,12,5,1,0,-4
1893,288,"Pena, Francisco ",28,133,27,10,8,2,1,-4
1241,272,"Verdugo, Alex ",21,23,4,1,1,1,0,-4
569,243,"Arcia, Oswaldo ",25,202,41,17,23,8,1,-4
568,242,"Andino, Robert L",32,24,7,2,1,0,0,-4
567,241,"Ahmed, Nick ",26,284,62,26,20,4,5,-4
595,269,"Van Slyke, Scott ",29,102,23,10,7,1,1,-4
596,270,"Waldrop, Kyle ",24,22,5,1,1,0,0,-4
597,271,"Wilkins, Andrew ",27,24,3,3,3,1,1,-4
576,250,"De Aza, Alejandro ",32,234,48,31,25,6,4,-4
1244,275,"Zagunis, Mark ",24,14,0,0,1,0,2,-4
1243,274,"Wolters, Tony ",25,229,55,30,16,0,0,-4
1242,273,"Weeks, Rickie ",34,97,21,13,8,2,1,-4
1240,271,"Telis, Tomas ",26,104,25,13,9,0,0,-4
1892,287,"Ngoepe, Gift ",28,18,1,2,0,0,0,-4
1239,270,"Tauchman, Mike ",26,27,6,2,2,0,1,-4
1238,269,"Szczur, Matthew ",27,195,44,28,18,3,0,-4
1237,268,"Susac, Andrew ",27,12,1,0,0,0,0,-4
1236,267,"Segedin, Robert ",28,20,4,3,1,0,0,-4
1235,266,"Schimpf, Ryan ",29,165,26,24,25,14,0,-4
1234,265,"Ruiz, Rio ",23,150,29,22,19,4,1,-4
1233,264,"Robertson, Daniel ",31,80,18,9,7,1,0,-4
248,248,"Hoying, Jared ",27,46,10,8,5,0,1,-4
1890,285,"Moroff, Max ",25,59,11,7,9,3,0,-4
1891,286,"Newman, Kevin ",24,91,19,7,6,0,0,-4
249,249,"Infante, Omar ",34,134,32,16,11,0,0,-4
243,243,"Freeman, Michael ",28,22,5,1,1,0,0,-4
247,247,"Holaday, Bryan ",28,117,27,17,14,2,0,-4
1886,281,"Knapp, Andrew ",26,187,37,19,15,4,1,-4
1220,251,"De Aza, Alejandro ",33,62,12,8,9,0,1,-4
1219,250,"Davis, Taylor ",27,13,3,1,1,0,0,-4
1218,249,"Culberson, Charlie ",28,13,2,0,1,0,0,-4
1217,248,"Cordoba, Allen Octavio ",21,202,42,17,15,4,2,-4
1216,247,"Cecchini, Gavin ",23,77,16,4,7,1,0,-4
1215,246,"Aviles, Mike ",36,86,20,5,8,1,0,-4
1214,245,"Arroyo, Christian ",22,125,24,9,14,3,1,-4
1889,284,"Montero, Miguel A",34,11,0,0,0,0,0,-4
1888,283,"Luplow, Jordan ",24,92,17,16,7,3,2,-4
1887,282,"Kramer, Kevin ",24,37,5,5,4,0,0,-4
1885,280,"Kelly, Tyler ",29,11,1,1,0,0,0,-4
1222,253,"Ellis, A.J. ",36,143,30,17,14,6,0,-4
1884,279,"Holaday, Bryan ",30,151,31,7,16,1,0,-4
1883,278,"Guerra, Javier  ",22,16,2,2,1,0,0,-4
1882,277,"Gosselin, Phil ",29,24,3,5,2,1,0,-4
1881,276,"Goins, Ryan ",30,115,26,10,6,0,0,-4
1880,275,"Garcia, Jose Adolis ",25,17,2,3,1,0,0,-4
1879,274,"Fowler, Dexter D",32,289,52,40,31,8,5,-4
1878,273,"Butera, Drew ",34,163,31,13,21,3,0,-4
1877,272,"Brito, Socrates ",25,40,7,3,3,1,0,-4
1876,271,"Bostick, Christopher ",25,16,3,0,2,0,0,-4
1875,270,"Almonte, Abraham ",29,134,24,15,9,3,2,-4
1221,252,"Diaz, Elias ",26,188,42,18,19,1,1,-4
1223,254,"Gomez, Miguel ",24,33,8,3,2,0,0,-4
246,246,"Gonzalez, Erik ",24,16,5,2,0,0,0,-4
235,235,"Choi, Ji-Man ",25,112,19,9,12,5,2,-4
245,245,"Gimenez, Chris P",33,139,30,17,11,4,0,-4
244,244,"Gamel, Benjamin ",24,48,9,9,5,1,0,-4
571,245,"Barnes, Brandon ",30,100,22,10,8,0,1,-4
242,242,"Flaherty, Ryan ",29,157,34,16,15,3,2,-4
241,241,"Fielder, Prince ",32,326,69,29,44,8,0,-4
240,240,"Dozier, Hunter ",24,19,4,4,1,0,0,-4
239,239,"Den Dekker, Matthew ",28,34,6,3,4,1,1,-4
238,238,"Davis, Ike ",29,14,3,2,1,0,0,-4
237,237,"Coats, Jason ",26,50,10,8,4,1,1,-4
236,236,"Clevenger, Steve S",30,68,15,7,7,1,0,-4
234,234,"Buss, Nicholas ",29,81,16,7,8,1,2,-4
1224,255,"Jankowski, Travis ",26,75,14,10,1,0,4,-4
233,233,"Borbon, Julio ",30,13,4,1,0,0,0,-4
232,232,"Barnes, Brandon ",30,100,22,10,8,0,1,-4
231,231,"Andino, Robert L",32,24,7,2,1,0,0,-4
1231,262,"Read, Raudy ",23,11,3,1,0,0,0,-4
1230,261,"Ngoepe, Gift ",27,54,12,10,6,0,0,-4
1229,260,"Negron, Kristopher ",31,25,4,3,1,0,0,-4
1228,259,"Morse, Michael J",35,36,7,1,3,1,0,-4
1227,258,"Moncrief, Carlos ",28,38,8,4,5,0,0,-4
1226,257,"Mathis, Jeff ",34,186,40,13,11,2,1,-4
1225,256,"Kelly, Tyler ",28,89,17,11,14,2,0,-4
570,244,"Asche, Cody ",26,197,42,22,18,4,3,-4
577,251,"Den Dekker, Matthew ",28,34,6,3,4,1,1,-4
572,246,"Bonifacio, Emilio ",31,38,8,6,3,0,1,-4
1537,250,"Centeno, Juan ",28,37,6,3,3,1,0,-4
1545,258,"Joseph, Corban ",29,18,4,1,3,0,0,-4
1544,257,"Joseph, Caleb ",32,265,58,28,17,3,2,-4
1543,256,"Hudson, Joe ",27,12,2,0,1,0,0,-4
1541,254,"Gallagher, Cameron ",25,63,13,5,7,1,0,-4
1540,253,"Frazier, Clint ",23,34,9,9,1,0,0,-4
1539,252,"Fontana, Nolan ",27,11,1,1,1,1,0,-4
1538,251,"Ciuffo, Nick ",23,37,7,3,5,1,0,-4
1536,249,"Blash, Jabari ",28,39,4,4,1,0,2,-4
1547,260,"Kozma, Pete ",30,69,15,7,8,1,0,-4
1535,248,"Almonte, Abraham ",29,134,24,15,9,3,2,-4
933,287,"Ruiz, Carlos ",38,125,27,14,11,3,1,-4
932,286,"Romine, Austin ",28,229,50,19,21,2,0,-4
931,285,"Robertson, Daniel ",23,218,45,22,19,5,1,-4
930,284,"Robertson, Daniel ",31,80,18,9,7,1,0,-4
929,283,"Profar, Jurickson ",24,58,10,8,5,0,1,-4
928,282,"Perez, Carlos ",26,20,2,1,3,1,0,-4
1546,259,"Joyce, Matt ",33,207,43,34,15,7,0,-4
1548,261,"Lugo, Dawel  ",23,94,20,10,8,1,0,-4
926,280,"Middlebrooks, Will ",28,38,8,5,3,0,0,-4
1553,266,"Ngoepe, Gift ",28,18,1,2,0,0,0,-4
1560,273,"Ward, Taylor ",24,135,24,14,15,6,2,-4
1559,272,"Vazquez, Christian ",27,251,52,24,16,3,4,-4
1558,271,"Urshela, Giovanny ",26,43,10,7,3,1,0,-4
1557,270,"Sucre, Jesus ",30,182,38,9,17,1,1,-4
1556,269,"Rosales, Adam M",35,19,4,4,2,1,0,-4
1555,268,"Robinson, Drew ",26,109,20,20,9,3,2,-4
1554,267,"Powell, Boog ",25,24,4,3,0,0,1,-4
1552,265,"Motter, Taylor ",28,34,5,2,2,1,1,-4
938,292,"Weeks, Rickie ",34,97,21,13,8,2,1,-4
1551,264,"Moore, Adam ",34,18,4,2,2,1,0,-4
1550,263,"Montero, Miguel A",34,11,0,0,0,0,0,-4
1549,262,"Machado, Dixon ",26,214,44,20,21,1,1,-4
934,288,"Rutledge, Josh ",28,107,24,10,9,0,1,-4
935,289,"Sardinas, Luis ",24,49,8,3,1,0,1,-4
936,290,"Smith, Tyler ",26,16,3,2,1,0,0,-4
937,291,"Tejada, Ruben ",27,113,26,17,5,0,0,-4
927,281,"Navarro Jr, Efren ",31,61,14,9,2,2,0,-4
1542,255,"Greiner, Grayson ",25,96,21,9,12,0,0,-4
925,279,"Mejia, Francisco  ",21,13,2,1,1,0,0,-4
584,258,"Infante, Omar ",34,134,32,16,11,0,0,-4
591,265,"Norris, Derek ",27,415,77,50,42,14,9,-4
590,264,"Noonan, Nick ",27,18,3,0,1,0,0,-4
589,263,"Lobaton, Jose M",31,99,23,10,8,3,0,-4
588,262,"Kivlehan, Patrick ",26,21,4,5,2,1,0,-4
587,261,"Kelly, Tyler ",27,58,14,9,7,1,0,-4
586,260,"Johnson, Chris ",31,243,54,20,24,5,0,-4
585,259,"Jennings, Desmond ",29,200,40,22,20,7,2,-4
583,257,"Hernandez, Oscar ",22,11,2,1,1,1,0,-4
593,267,"Pena, Brayan ",34,13,2,0,0,0,0,-4
582,256,"Hanson, Alen ",23,31,7,5,1,0,2,-4
581,255,"Florimon Jr., Pedro A",29,24,5,4,4,0,0,-4
580,254,"Ethier, Andre ",34,24,5,2,2,1,0,-4
924,278,"Martinez, Michael ",34,37,6,2,0,0,0,-4
573,247,"Brito, Socrates ",23,95,17,10,12,4,2,-4
574,248,"Cardullo, Stephen ",28,56,12,5,6,2,0,-4
575,249,"Davis, Ike ",29,14,3,2,1,0,0,-4
592,266,"Olivera, Hector ",31,19,4,2,2,0,0,-4
579,253,"Elmore, Jake ",29,78,17,7,4,0,2,-4
594,268,"Valaika, Pat ",23,19,5,3,2,1,0,-4
918,272,"Garver, Mitch ",26,46,9,5,3,0,0,-4
913,267,"Aviles, Mike ",36,86,20,5,8,1,0,-4
923,277,"Marte, Jefry ",26,127,22,10,14,4,1,-4
922,276,"Holaday, Bryan ",29,29,7,1,2,0,0,-4
920,274,"Graterol, Juan ",28,84,17,5,10,0,0,-4
919,273,"Goodrum, Niko ",25,17,1,1,0,0,0,-4
921,275,"Hannemann, Jacob ",26,20,3,3,1,1,0,-4
917,271,"Fontana, Nolan ",26,20,1,1,1,1,1,-4
914,268,"Butera, Drew ",33,163,37,18,14,3,0,-4
916,270,"Flaherty, Ryan ",30,38,8,5,4,0,0,-4
915,269,"Decker, Jaff ",27,50,10,4,1,0,1,-4
282,282,"Nava, Daniel ",33,130,29,11,13,1,0,-5
275,275,"Eibner, Brett ",27,187,36,21,22,6,0,-5
269,269,"Avila, Alex ",29,169,36,19,11,7,0,-5
270,270,"Beresford, James ",27,22,5,0,0,0,0,-5
271,271,"Brignac, Reid ",30,29,6,3,1,0,0,-5
272,272,"Canha, Mark ",27,41,5,4,6,3,0,-5
273,273,"Colon, Christian ",27,147,34,13,13,1,0,-5
274,274,"Cowgill, Collin ",30,12,1,0,0,0,0,-5
277,277,"Janish, Paul ",33,31,6,3,0,0,0,-5
276,276,"Gallo, Joey ",22,25,1,2,1,1,1,-5
281,281,"Motter, Taylor ",26,80,15,11,9,2,0,-5
278,278,"Marrero, Deven ",25,12,1,0,0,0,0,-5
1573,286,"Pedroia, Dustin L",34,11,1,1,0,0,0,-5
284,284,"Olson, Matt ",22,21,2,3,0,0,0,-5
283,283,"Navarro, Dioner F",32,304,63,26,35,6,1,-5
279,279,"McBride, Matt ",31,43,9,4,2,0,0,-5
280,280,"Moran, Colin ",23,23,3,1,2,0,0,-5
1574,287,"Pennington, Cliff ",34,29,4,1,0,0,0,-5
1567,280,"Freitas, David ",29,93,20,9,5,1,0,-5
1572,285,"Maxwell III, Bruce ",27,55,10,5,6,1,0,-5
1571,284,"Martin, Russell N",35,289,56,37,25,10,0,-5
286,286,"Pennington, Cliff ",32,172,36,18,10,3,1,-5
622,296,"Uribe, Juan ",37,238,49,19,25,7,0,-5
621,295,"Taylor, Chris ",25,61,13,8,7,1,0,-5
620,294,"Stewart, Chris D",34,98,21,10,7,1,0,-5
619,293,"Schafer, Logan ",29,63,15,8,1,0,0,-5
618,292,"Rosario, Alberto ",29,38,7,3,2,0,0,-5
1561,274,"Alberto, Hanser ",25,27,5,0,0,0,0,-5
1562,275,"Alford, Anthony ",23,19,2,3,1,0,1,-5
1563,276,"Beckham, Gordon ",31,44,8,3,1,0,1,-5
1564,277,"Buxton, Byron ",24,90,14,8,4,0,5,-5
1565,278,"Cuthbert, Cheslor ",25,103,20,11,7,3,0,-5
1566,279,"Drury, Brandon ",25,77,13,5,10,1,0,-5
1568,281,"Haase, Eric ",25,16,2,0,1,0,0,-5
1569,282,"Hermosillo, Michael ",23,57,12,7,1,1,0,-5
1570,283,"Higashioka, Kyle ",28,72,12,6,6,3,0,-5
285,285,"Pena, Francisco ",26,40,8,5,3,1,0,-5
289,289,"Ryan, Brendan W",34,13,1,1,0,0,0,-5
287,287,"Querecuto, Juniel ",23,11,1,1,2,0,0,-5
1263,294,"Stassi, Brock ",27,78,13,6,7,2,0,-5
613,287,"Pierzynski, A.J. ",39,247,54,15,23,2,1,-5
614,288,"Reed, Michael ",23,22,4,3,0,0,1,-5
615,289,"Renda, Tony ",25,60,11,4,3,0,0,-5
616,290,"Rivera, Yadiel ",24,66,14,12,3,0,0,-5
617,291,"Rondon, Jose ",22,25,3,1,1,0,0,-5
1268,299,"Wallach, Chad ",25,11,1,0,0,0,0,-5
1267,298,"Van Slyke, Scott ",30,41,5,6,3,2,1,-5
1266,297,"Thompson, Trayce ",26,49,6,6,2,1,0,-5
1265,296,"Taijeron, Travis ",28,52,9,3,3,1,0,-5
1264,295,"Stubbs, Drew ",32,22,2,0,0,0,0,-5
1262,293,"Severino, Pedro ",23,29,5,0,3,0,0,-5
611,285,"O Brien, Peter ",25,64,9,6,9,5,0,-5
1261,292,"Saltalamacchia, Jarrod ",32,25,1,1,0,0,0,-5
1260,291,"Perkins, Cameron ",26,88,16,9,8,1,0,-5
1259,290,"Peralta, Jhonny ",35,54,11,3,0,0,0,-5
1258,289,"Ortiz, Danny ",27,12,1,1,0,0,0,-5
1257,288,"Nieuwenhuis, Kirk ",29,26,3,3,1,1,0,-5
1256,287,"McMahon, Ryan ",22,19,3,2,1,0,0,-5
1255,286,"Kozma, Pete ",29,45,5,6,2,1,0,-5
1254,285,"Kim, Hyun-Soo ",29,212,49,20,14,1,0,-5
1253,284,"Janish, Paul ",34,26,2,0,3,0,0,-5
1252,283,"Hwang, Jae-gyun ",29,52,8,2,5,1,0,-5
612,286,"Paulsen, Benjamin ",28,92,20,8,11,1,0,-5
610,284,"Maldonado, Martin ",29,208,42,21,21,8,1,-5
1250,281,"Cardullo, Stephen ",29,28,4,2,3,0,0,-5
944,298,"Higashioka, Kyle ",27,18,0,2,0,0,0,-5
949,303,"Peralta, Jhonny ",35,54,11,3,0,0,0,-5
948,302,"Kozma, Pete ",29,45,5,6,2,1,0,-5
947,301,"Jimenez, A.J. ",27,12,1,0,0,0,0,-5
951,305,"Refsnyder, Rob ",26,88,15,8,0,0,4,-5
952,306,"Saltalamacchia, Jarrod ",32,25,1,1,0,0,0,-5
953,307,"Saunders, Michael ",30,218,44,26,21,6,0,-5
954,308,"Stubbs, Drew ",32,22,2,0,0,0,0,-5
955,309,"Wade, Tyler ",22,58,9,7,2,0,1,-5
946,300,"Janish, Paul ",34,26,2,0,3,0,0,-5
945,299,"Holt, Brock ",29,140,28,20,7,0,2,-5
598,272,"Adames, Cristhian ",24,225,49,25,17,2,2,-5
609,283,"Lalli, Blake ",33,13,2,0,1,0,0,-5
599,273,"Alfaro, Jorge ",23,16,2,0,0,0,0,-5
600,274,"Asuaje, Carlos ",24,24,5,2,2,0,0,-5
601,275,"Blash, Jabari ",27,71,12,7,5,3,1,-5
602,276,"Brignac, Reid ",30,29,6,3,1,0,0,-5
603,277,"Candelario, Jeimer ",22,11,1,0,0,0,0,-5
604,278,"Featherston, Taylor ",26,26,3,2,1,0,2,-5
605,279,"Federowicz, Tim ",28,31,6,3,3,0,0,-5
606,280,"Figueroa, Cole ",29,26,4,0,3,0,1,-5
607,281,"Kelly, Carson ",21,13,2,1,1,0,0,-5
608,282,"Kelly, Don ",36,27,4,2,3,0,0,-5
943,297,"Hardy, J.J. ",34,254,55,24,24,4,0,-5
1249,280,"Calixte, Orlando ",25,49,7,5,6,0,1,-5
288,288,"Robinson, Shane M",31,98,17,16,10,1,3,-5
1912,307,"Valentin, Jesmuel ",24,79,14,8,6,1,0,-5
1903,298,"Kelly, Carson ",23,35,4,1,3,0,0,-5
1904,299,"Lobaton, Jose M",33,49,7,3,4,0,0,-5
1905,300,"Nido, Tomas ",24,84,14,10,9,1,0,-5
1906,301,"Reinheimer, Jack ",25,30,5,4,0,0,1,-5
1907,302,"Rivera, Yadiel ",26,139,24,13,9,1,2,-5
1908,303,"Rodriguez, Sean ",33,150,25,21,19,5,1,-5
1909,304,"Shuck, J.B. B",31,130,25,10,4,0,2,-5
1910,305,"Sierra, Magneuris ",22,147,28,10,7,0,3,-5
1911,306,"Tomlinson, Kelby ",28,140,29,9,10,0,0,-5
1913,308,"Wilson, Bobby L",35,135,24,12,16,2,0,-5
1901,296,"Den Dekker, Matthew ",30,18,0,0,1,0,0,-5
1914,309,"Wolters, Tony ",26,182,31,19,27,3,2,-5
296,296,"Vogelbach, Daniel ",23,12,1,0,0,0,0,-5
295,295,"Uribe, Juan ",37,238,49,19,25,7,0,-5
294,294,"Stassi, Max ",25,13,1,1,0,0,0,-5
293,293,"Smith, Kevan ",28,16,2,2,0,0,0,-5
292,292,"Shuck, J.B. B",29,224,46,27,14,4,3,-5
291,291,"Schafer, Logan ",29,63,15,8,1,0,0,-5
290,290,"Saltalamacchia, Jarrod ",31,246,42,30,38,12,0,-5
950,304,"Phegley, Joshua ",29,149,30,14,10,3,0,-5
1248,279,"Brinson, Lewis ",23,47,5,2,3,2,1,-5
1902,297,"Dixon, Brandon ",26,118,21,14,10,5,0,-5
1900,295,"Bandy, Jett ",28,64,12,5,1,1,0,-5
1585,298,"Torres, Ramon ",25,28,5,4,1,0,0,-5
1247,278,"Blanco, Andres ",33,130,25,10,13,3,1,-5
1246,277,"Bautista, Rafael ",24,25,4,2,0,0,0,-5
1245,276,"Adames, Cristhian ",25,13,0,1,0,0,0,-5
942,296,"Garneau, Dustin ",29,112,21,10,9,2,0,-5
941,295,"Franklin, Nick ",26,106,19,9,12,2,2,-5
940,294,"Collins, Tyler ",27,147,29,18,14,5,0,-5
939,293,"Coghlan, Chris ",32,75,15,7,5,1,0,-5
1587,300,"Wilkerson, Steve ",26,46,8,2,3,0,1,-5
1899,294,"Asuaje, Carlos ",26,189,37,15,19,2,1,-5
1586,299,"Wade, Tyler ",23,66,11,8,5,1,1,-5
1584,297,"Tocci, Carlos ",22,120,27,11,5,0,0,-5
1583,296,"Suzuki, Ichiro ",44,44,9,5,0,0,0,-5
1582,295,"Smolinski, Jacob ",29,39,5,2,2,0,1,-5
1581,294,"Sardinas, Luis ",25,18,2,2,1,1,0,-5
1580,293,"Santander, Anthony ",23,101,20,8,6,1,1,-5
1579,292,"Romine, Andrew ",32,119,25,15,2,0,1,-5
1578,291,"Robinson, Shane M",33,49,7,8,2,1,1,-5
1577,290,"Refsnyder, Rob ",27,84,14,10,5,2,0,-5
1576,289,"Phillips, Brett ",24,134,25,15,11,2,1,-5
1575,288,"Phillips, Brandon ",37,23,3,4,2,1,0,-5
1251,282,"Coghlan, Chris ",32,75,15,7,5,1,0,-5
1915,310,"Avila, Alex ",31,194,32,13,20,7,0,-6
1916,311,"Headley, Chase ",34,52,6,2,4,0,0,-6
1917,312,"Mathis, Jeff ",35,195,39,15,20,1,0,-6
1918,313,"Sogard, Eric ",32,97,13,7,2,0,3,-6
960,314,"Hill, Aaron ",35,68,9,7,7,1,0,-6
1270,301,"Bonifacio, Emilio ",32,38,5,2,3,0,0,-6
957,311,"Gosewisch, Tuffy ",33,28,2,1,0,0,0,-6
1271,302,"Colon, Christian ",28,50,8,4,0,0,0,-6
626,300,"Crawford, Carl ",34,81,15,8,6,0,0,-6
1269,300,"Alcantara, Arismendy ",25,105,18,13,7,1,2,-6
308,308,"Hanigan, Ryan ",35,105,18,9,14,1,0,-6
309,309,"Iannetta, Chris ",33,295,62,23,24,7,0,-6
310,310,"Perez, Roberto ",27,153,28,14,17,3,0,-6
311,311,"Presley, Alex ",30,121,24,12,11,3,0,-6
963,317,"Soler, Jorge ",25,97,14,7,6,2,0,-6
962,316,"Plouffe, Trevor ",31,283,56,31,19,9,1,-6
961,315,"May, Jacob ",25,36,2,2,3,0,0,-6
959,313,"Heisey, Chris ",32,74,12,8,5,1,0,-6
958,312,"Gosselin, Phil ",28,48,7,3,2,0,0,-6
956,310,"Espinosa, Danny ",30,266,46,30,31,6,4,-6
1273,304,"Gillaspie, Conor ",29,80,13,8,8,2,0,-6
623,297,"Aviles, Mike ",35,167,35,17,6,1,2,-6
624,298,"Barnes, Austin ",26,32,5,3,2,0,0,-6
625,299,"Campbell, Eric ",29,75,13,9,9,1,1,-6
636,310,"Weeks, Jemile ",29,50,7,5,2,0,1,-6
635,309,"Venable, Will ",33,18,1,2,0,0,0,-6
634,308,"Tejada, Ruben ",26,66,11,9,5,0,0,-6
633,307,"Pirela, Jose ",26,39,6,2,0,0,0,-6
632,306,"Middlebrooks, Will ",27,27,3,2,1,0,0,-6
631,305,"Hernandez, Enrique ",24,216,41,25,18,7,2,-6
630,304,"Hedges, Austin ",23,24,3,2,1,0,0,-6
629,303,"Goeddel, Tyler ",23,213,41,17,16,4,3,-6
628,302,"Gentry, Craig ",32,34,5,2,2,0,0,-6
1272,303,"Freeman, Michael ",29,60,6,6,1,1,0,-6
627,301,"Flores, Ramon ",24,249,51,18,19,2,3,-6
1274,305,"Heisey, Chris ",32,74,12,8,5,1,0,-6
1596,309,"Tucker, Kyle ",21,64,9,10,4,0,1,-6
1594,307,"Sisco, Chance ",23,160,29,13,16,2,1,-6
1593,306,"Rasmus, Colby ",31,45,6,5,1,1,0,-6
1592,305,"Perez, Carlos ",27,70,10,1,3,1,1,-6
1591,304,"Marjama, Mike ",28,27,3,1,0,0,0,-6
301,301,"Conger, Hank ",28,124,24,6,10,3,0,-6
300,300,"Ceciliani, Darrell ",26,27,3,2,1,0,0,-6
299,299,"Aviles, Mike ",35,167,35,17,6,1,2,-6
298,298,"Alberto, Hanser ",23,56,8,2,5,0,1,-6
1275,306,"Hill, Aaron ",35,68,9,7,7,1,0,-6
297,297,"Ackley, Dustin ",28,61,9,6,4,0,0,-6
1590,303,"Headley, Chase ",34,52,6,2,4,0,0,-6
1589,302,"Cordell, Ryan ",26,37,4,3,4,1,0,-6
1588,301,"Castro, Jason ",31,63,9,4,3,1,0,-6
302,302,"Cowart, Kaleb ",24,85,15,8,8,1,0,-6
303,303,"Crawford, Carl ",34,81,15,8,6,0,0,-6
304,304,"Cunningham, Todd ",27,27,4,5,1,0,0,-6
305,305,"Decker, Jaff ",26,52,8,1,1,0,1,-6
306,306,"Dominguez, Matt ",26,11,0,0,0,0,0,-6
307,307,"Gentry, Craig ",32,34,5,2,2,0,0,-6
1280,311,"Stevenson, Andrew ",23,57,9,5,1,0,1,-6
1279,310,"Rodriguez, Sean ",32,132,22,18,8,5,1,-6
1278,309,"Murphy, Tom ",26,24,1,1,1,0,0,-6
1277,308,"Mejia, Alex ",26,46,5,6,3,1,0,-6
1276,307,"Kelly, Carson ",22,69,12,5,6,0,0,-6
1595,308,"Susac, Andrew ",28,26,3,1,0,0,0,-6
1919,314,"Severino, Pedro ",24,190,32,14,15,2,1,-7
314,314,"Ladendorf, Tyler ",28,48,4,6,1,0,2,-7
318,318,"Walsh, Colin ",26,47,4,4,2,0,0,-7
317,317,"Reed, A.J. ",23,122,20,11,8,3,0,-7
316,316,"Muncy, Max ",25,113,21,13,8,2,0,-7
315,315,"Mahtook, Mikie ",26,185,36,16,11,3,0,-7
313,313,"Colabello, Chris ",32,29,2,0,1,0,0,-7
312,312,"Casali, Curtis ",27,226,42,23,25,8,0,-7
642,316,"Mesoraco, Devin ",28,50,7,2,1,0,0,-7
1920,315,"Valaika, Pat ",25,122,19,8,5,2,0,-7
637,311,"Burriss, Emmanuel ",31,45,5,3,0,0,1,-7
644,318,"Plawecki, Kevin  ",25,132,26,6,11,1,0,-7
1600,313,"Perez, Roberto ",29,179,30,16,19,2,1,-7
1599,312,"Orlando, Paulo ",32,90,15,6,5,0,0,-7
1598,311,"Gerber, Mike ",25,42,4,2,2,0,0,-7
1597,310,"Davis, J.D. ",25,103,18,9,5,1,0,-7
1283,314,"Turner, Stuart ",25,82,11,4,7,2,0,-7
1282,313,"Lobaton, Jose M",32,141,24,11,11,4,0,-7
1281,312,"Fryer, Eric ",31,71,11,7,3,0,0,-7
967,321,"Maile, Luke ",26,130,19,10,7,2,1,-7
966,320,"Fryer, Eric ",31,71,11,7,3,0,0,-7
638,312,"Castro, Daniel ",23,130,26,8,7,0,1,-7
964,318,"Asche, Cody ",27,57,6,5,4,1,0,-7
645,319,"Wallace, Brett ",29,217,41,19,20,6,0,-7
965,319,"Engel, Adam ",25,301,50,34,21,6,8,-7
643,317,"Pacheco, Jordan ",30,51,8,1,0,0,0,-7
641,315,"Hunter, Cedric ",28,34,3,3,1,1,0,-7
640,314,"Gosewisch, Tuffy ",32,90,14,8,7,3,0,-7
639,313,"Coghlan, Chris ",31,261,49,35,30,6,2,-7
1285,316,"Stewart, Chris D",35,131,24,8,4,0,0,-8
1602,315,"Davis, Chris ",32,470,79,40,49,16,2,-8
1601,314,"Cowart, Kaleb ",26,112,15,7,10,1,1,-8
324,324,"Tucker, Preston ",25,134,22,11,8,4,0,-8
323,323,"Thole, Josh ",29,118,20,7,7,1,0,-8
1286,317,"Torrens, Luis ",21,123,20,7,7,0,0,-8
1284,315,"Jones, Ryder ",23,150,26,12,5,2,1,-8
1603,316,"Leon, Sandy ",29,265,47,30,22,5,1,-8
322,322,"Murphy, John Ryan",25,82,12,4,3,1,0,-8
321,321,"Joseph, Caleb ",30,132,23,7,0,0,0,-8
320,320,"Gomes, Yan ",28,251,42,22,34,9,0,-8
319,319,"Goins, Ryan ",28,183,34,13,12,3,1,-8
1604,317,"Thompson, Trayce ",27,128,15,15,9,3,3,-8
968,322,"Saladino, Tyler ",27,252,45,23,10,0,5,-9
325,325,"Kratz, Erik ",36,85,8,3,4,1,0,-10
