Player,Age,AVG,AB,H,R,RBI,HR,SB,R$
"Betts, Mookie ",25,0.346,520,180,129,80,32,30,52
"Trout, Mike ",24,0.315,549,173,123,100,29,30,50
"Martinez, J.D. ",30,0.330,569,188,111,130,43,6,48
"Arenado, Nolan ",25,0.324,618,200,116,133,41,2,48
"Altuve, Jose ",26,0.338,640,216,108,96,24,30,47
"Yelich, Christian ",26,0.326,574,187,118,110,36,22,47
"Altuve, Jose ",27,0.346,590,204,112,81,24,32,46
"Betts, Mookie ",23,0.318,672,214,122,113,31,26,45
"Villar, Jonathan ",25,0.285,589,168,92,63,19,62,44
"Ramirez, Jose ",25,0.270,578,156,110,105,39,34,44
"Merrifield, Whit ",29,0.304,632,192,88,60,12,45,44
"Arenado, Nolan ",25,0.294,618,182,116,133,41,2,44
"Arenado, Nolan ",25,0.294,618,182,116,133,41,2,44
"Arenado, Nolan ",25,0.294,618,182,116,133,41,2,44
"Arenado, Nolan ",25,0.294,618,182,116,133,41,2,44
"Story, Trevor ",25,0.291,598,174,88,108,37,27,43
"Trout, Mike ",26,0.312,471,147,101,79,39,24,43
"Judge, Aaron ",25,0.284,542,154,128,114,52,9,42
"Blackmon, Charlie ",31,0.331,644,213,137,104,37,14,41
"Gordon, Dee ",29,0.308,653,201,114,33,2,60,41
"Segura, Jean ",26,0.319,637,203,102,64,20,33,41
"Arenado, Nolan ",26,0.309,606,187,100,130,37,3,41
"Arenado, Nolan ",27,0.297,590,175,104,110,38,2,41
"Arenado, Nolan ",26,0.309,606,187,100,130,37,3,41
"Arenado, Nolan ",27,0.297,590,175,104,110,38,2,41
"Marte, Starling ",27,0.311,489,152,71,46,9,47,39
"Lindor, Francisco ",24,0.277,661,183,129,92,38,25,39
"Baez, Javier ",25,0.290,606,176,101,111,34,21,39
"Goldschmidt, Paul ",28,0.297,579,172,106,95,24,32,38
"Turner, Trea ",25,0.271,664,180,103,73,19,43,38
"Bryant, Kris ",24,0.292,603,176,121,102,39,8,38
"Machado, Manny ",25,0.297,632,188,84,107,37,14,37
"Blackmon, Charlie ",30,0.324,578,187,111,82,29,17,37
"Votto, Joey ",33,0.320,559,179,106,100,36,5,37
"Votto, Joey ",33,0.320,559,179,106,100,36,5,37
"Goldschmidt, Paul ",29,0.297,558,166,117,120,36,18,36
"Murphy, Daniel ",31,0.347,531,184,88,104,25,5,36
"Ramirez, Jose ",24,0.318,585,186,107,83,29,17,35
"Ortiz, David ",40,0.315,537,169,79,127,38,2,34
"Votto, Joey ",32,0.326,556,181,101,97,29,8,34
"Ortiz, David ",40,0.315,537,169,79,127,38,2,34
"Votto, Joey ",32,0.326,556,181,101,97,29,8,34
"Marte, Starling ",29,0.277,559,155,81,72,20,33,33
"Freeman, Freddie ",28,0.309,618,191,94,98,23,10,33
"Cabrera, Miguel ",33,0.316,595,188,92,108,38,0,35
"Cabrera, Miguel ",33,0.316,595,188,92,108,38,0,35
"Nunez, Eduardo ",29,0.288,553,159,73,67,16,40,33
"Martinez, J.D. ",29,0.306,428,131,85,104,45,4,33
"Freeman, Freddie ",26,0.302,589,178,102,91,34,6,33
"Ozuna, Marcell ",26,0.312,613,191,93,124,37,1,32
"Stanton, Giancarlo ",27,0.281,597,168,123,132,59,2,32
"Andrus, Elvis ",28,0.297,643,191,100,88,20,25,32
"Turner, Trea ",23,0.342,307,105,53,40,13,33,32
"Merrifield, Whit ",28,0.288,587,169,80,78,19,34,32
"Cain, Lorenzo ",32,0.308,539,166,90,38,10,30,32
"Braun, Ryan J",32,0.305,511,156,80,91,30,16,32
"LeMahieu, DJ ",27,0.348,552,192,104,66,11,11,32
"Bregman, Alex ",24,0.286,594,170,105,103,31,10,32
"Benintendi, Andrew ",23,0.290,579,168,103,87,16,21,32
"Smith, Mallex ",25,0.296,480,142,65,40,2,40,31
"Trout, Mike ",25,0.306,402,123,92,72,33,22,31
"Altuve, Jose ",28,0.316,534,169,84,61,13,17,31
"Pham, Thomas ",29,0.306,444,136,95,73,23,25,31
"Turner, Trea ",24,0.284,412,117,75,45,11,46,31
"Brantley, Michael C",31,0.309,570,176,89,76,17,12,30
"Dozier, Brian ",29,0.268,615,165,104,99,42,18,30
"Desmond, Ian ",30,0.285,625,178,107,86,22,21,29
"Ramirez, Jose ",23,0.312,565,176,84,76,11,22,29
"Hosmer, Eric ",27,0.318,603,192,98,94,25,6,29
"Hamilton, Billy ",25,0.260,411,107,69,17,3,58,29
"Segura, Jean ",28,0.304,586,178,91,63,10,20,29
"Peraza, Jose ",24,0.288,632,182,85,58,14,23,28
"Cano, Robinson ",33,0.298,655,195,107,103,39,0,28
"Abreu, Jose ",30,0.302,616,186,94,102,33,3,28
"Cruz, Nelson R",36,0.287,589,169,96,105,43,2,28
"Myers, Wil ",25,0.259,599,155,99,94,28,28,28
"Goldschmidt, Paul ",30,0.290,593,172,95,83,33,7,28
"Blackmon, Charlie ",32,0.291,626,182,119,70,29,12,28
"Lindor, Francisco ",22,0.301,604,182,99,78,15,19,28
"Bogaerts, Xander ",25,0.288,513,148,72,103,23,8,28
"Andujar, Miguel ",23,0.297,573,170,83,92,27,2,28
"Gennett, Scooter ",28,0.310,584,181,86,92,23,4,28
"Hamilton, Billy ",26,0.247,582,144,85,38,4,59,28
"Haniger, Mitch ",27,0.285,596,170,90,93,26,8,28
"Acuna, Ronald ",20,0.293,433,127,78,64,26,16,27
"Inciarte, Ender ",26,0.304,662,201,93,57,11,22,27
"Zimmerman, Ryan W",32,0.303,524,159,90,108,36,1,27
"Stanton, Giancarlo ",28,0.266,617,164,102,100,38,5,27
"Castellanos, Nick ",26,0.298,620,185,88,89,23,2,27
"Kinsler, Ian M",34,0.288,618,178,117,83,28,14,27
"Bogaerts, Xander ",23,0.294,652,192,115,89,21,13,27
"Betts, Mookie ",24,0.264,628,166,101,102,24,26,27
"Cain, Lorenzo ",31,0.300,584,175,86,49,15,26,27
"Nunez, Eduardo ",30,0.313,467,146,60,58,12,24,27
"Ramirez, Hanley ",32,0.286,549,157,81,111,30,9,27
"Beltre, Adrian ",37,0.300,583,175,89,104,32,1,27
"Rendon, Anthony ",28,0.308,529,163,88,92,24,2,26
"Andrus, Elvis ",27,0.302,506,153,75,69,8,24,26
"Donaldson, Josh ",30,0.284,577,164,122,99,37,7,26
"Pedroia, Dustin L",32,0.318,633,201,105,74,15,7,26
"Peralta, David ",30,0.293,560,164,75,87,30,4,26
"Garcia, Avisail ",26,0.327,513,168,75,77,18,5,26
"Murphy, Daniel ",32,0.322,534,172,94,93,23,2,26
"Yelich, Christian ",24,0.298,578,172,78,98,21,9,26
"Davis, Khristopher ",30,0.247,576,142,98,123,48,0,26
"Rosario, Eddie ",26,0.288,559,161,87,77,24,8,26
"Villar, Jonathan ",27,0.260,466,121,54,46,14,35,26
"Cruz, Nelson R",37,0.288,556,160,91,119,39,1,26
"Lindor, Francisco ",23,0.273,651,178,99,89,33,15,26
"Upton, Justin ",29,0.273,553,151,99,109,35,13,26
"Rizzo, Anthony ",26,0.292,583,170,94,109,32,3,26
"Perez, Hernan ",25,0.272,404,110,50,56,13,34,26
"Rizzo, Anthony ",28,0.283,566,160,74,101,25,6,25
"Suarez, Eugenio ",26,0.283,527,149,79,104,34,1,25
"Seager, Corey ",22,0.308,627,193,105,72,26,3,25
"Herrera, Odubel ",24,0.286,583,167,87,49,15,25,25
"Odor, Rougned ",22,0.271,605,164,89,88,33,14,25
"Encarnacion, Edwin ",33,0.263,601,158,99,127,42,2,25
"Harper, Bryce ",24,0.319,420,134,95,87,29,4,25
"Rendon, Anthony ",27,0.301,508,153,81,100,25,7,25
"Dozier, Brian ",30,0.269,617,166,106,93,34,16,25
"Machado, Manny ",23,0.294,640,188,105,96,37,0,25
"Mondesi, Adalberto (Raul)",22,0.276,275,76,47,37,14,32,25
"Inciarte, Ender ",27,0.265,597,158,83,61,10,28,24
"Wendle, Joe ",28,0.300,487,146,62,61,7,16,24
"Gregorius, Didi ",28,0.268,504,135,89,86,27,10,24
"Gonzalez, Carlos ",30,0.298,584,174,87,100,25,2,24
"Turner, Justin M",32,0.322,457,147,72,71,21,7,24
"Gonzalez, Marwin ",28,0.303,455,138,67,90,23,8,24
"Schoop, Jonathan ",25,0.293,622,182,92,105,32,1,24
"Rizzo, Anthony ",27,0.273,572,156,99,109,32,10,24
"Santana, Domingo ",24,0.278,525,146,88,85,30,15,24
"Trumbo, Mark ",30,0.256,613,157,94,108,47,2,23
"Pham, Thomas ",30,0.275,494,136,102,63,21,15,23
"Segura, Jean ",27,0.300,524,157,80,45,11,22,23
"Pujols, Albert ",36,0.268,593,159,71,119,31,4,23
"Kipnis, Jason ",29,0.275,610,168,91,82,23,15,23
"Davis, Rajai ",35,0.249,454,113,74,48,12,43,23
"Beltran, Carlos ",39,0.295,552,163,73,93,29,1,23
"Abreu, Jose Dariel",29,0.293,624,183,67,100,25,0,23
"Rosario, Eddie ",25,0.290,542,157,79,78,27,9,23
"Aguilar, Jesus ",28,0.274,492,135,80,108,35,0,23
"Taylor, Chris ",26,0.288,514,148,85,72,21,17,23
"Shaw, Travis ",27,0.273,538,147,84,101,31,10,23
"McCutchen, Andrew ",30,0.279,570,159,94,88,28,11,23
"Freeman, Freddie ",27,0.307,440,135,84,71,28,8,23
"Bryant, Kris ",25,0.295,549,162,111,73,29,7,23
"Harper, Bryce ",25,0.249,550,137,103,100,34,13,23
"Simmons, Andrelton ",28,0.292,554,162,68,75,11,10,23
"Bellinger, Cody ",21,0.267,480,128,87,97,39,10,23
"Benintendi, Andrew ",22,0.271,573,155,84,90,20,20,23
"Yelich, Christian ",25,0.282,602,170,100,81,18,16,23
"Reddick, Josh ",30,0.314,477,150,77,82,13,7,23
"Bregman, Alex ",23,0.284,556,158,88,71,19,17,23
"Markakis, Nick ",34,0.297,623,185,78,93,14,1,22
"Correa, Carlos ",22,0.315,422,133,82,84,24,2,22
"Upton, Justin ",30,0.257,533,137,80,85,30,8,22
"Springer, George ",27,0.283,548,155,112,85,34,5,22
"Gurriel, Yulieski ",34,0.291,537,156,70,85,13,5,22
"Correa, Carlos ",21,0.274,577,158,76,96,20,13,22
"Seager, Kyle ",28,0.278,597,166,89,99,30,3,22
"Albies, Ozzie ",21,0.261,639,167,105,72,24,14,21
"Puig, Yasiel ",27,0.267,405,108,60,63,23,15,21
"Simmons, Andrelton ",27,0.278,589,164,77,69,14,19,21
"Gardner, Brett ",33,0.264,594,157,96,63,21,23,21
"Gennett, Scooter ",27,0.295,461,136,80,97,27,3,21
"Posey, Buster ",30,0.320,494,158,62,67,12,6,21
"Bellinger, Cody ",22,0.260,557,145,84,76,25,14,21
"Martinez, Jose ",29,0.305,534,163,64,83,17,0,21
"Cruz, Nelson R",38,0.256,519,133,70,97,37,1,21
"Ohtani, Shohei ",23,0.285,326,93,59,61,22,10,21
"Anderson, Tim ",25,0.240,567,136,77,64,20,26,21
"Gordon, Dee ",30,0.268,556,149,62,36,4,30,21
"Judge, Aaron ",26,0.278,413,115,77,67,27,6,21
"Lucroy, Jonathan ",30,0.292,490,143,67,81,24,5,21
"Puig, Yasiel ",26,0.263,499,131,72,74,28,15,20
"Ramos, Wilson ",28,0.307,482,148,58,80,22,0,20
"Polanco, Gregory ",24,0.258,527,136,79,86,22,17,20
"Kemp, Matt ",31,0.268,623,167,89,108,35,1,20
"Dickerson, Corey ",29,0.300,504,151,65,55,13,8,20
"Gregorius, Didi ",27,0.287,534,153,73,87,25,3,20
"Sanchez, Gary ",24,0.278,471,131,79,90,33,2,20
"Ozuna, Marcell ",27,0.280,582,163,69,88,23,3,20
"Martinez, Victor ",37,0.289,553,160,65,86,27,0,20
"Longoria, Evan ",30,0.273,633,173,81,98,36,0,20
"Bradley, Jackie ",26,0.267,558,149,94,87,26,9,20
"Phillips, Brandon ",35,0.291,550,160,74,64,11,14,20
"Soto, Juan ",19,0.292,414,121,77,70,22,5,20
"Encarnacion, Edwin ",35,0.246,500,123,74,107,32,3,20
"Torres, Gleyber ",21,0.271,431,117,54,77,24,6,20
"Piscotty, Stephen ",27,0.267,546,146,78,88,27,2,20
"Gurriel, Yulieski ",33,0.299,529,158,69,75,18,3,19
"Polanco, Gregory ",26,0.254,461,117,75,81,23,12,19
"Harper, Bryce ",23,0.243,506,123,84,86,24,21,19
"Cabrera, Melky ",31,0.296,591,175,70,86,14,2,19
"Eaton, Adam ",27,0.284,619,176,91,59,14,14,19
"Martinez, J.D. ",28,0.307,460,141,69,68,22,1,19
"Santana, Carlos ",30,0.259,582,151,89,87,34,5,19
"Springer, George ",26,0.261,644,168,116,82,29,9,19
"LeMahieu, DJ ",28,0.310,609,189,95,64,8,6,19
"Muncy, Max ",27,0.263,395,104,75,79,35,3,19
"Realmuto, Jacob ",25,0.303,509,154,60,48,11,12,19
"Myers, Wil ",26,0.243,567,138,80,74,30,20,19
"Seager, Corey ",23,0.295,539,159,85,77,22,4,19
"Chapman, Matt ",25,0.278,547,152,100,68,24,1,19
"Hicks, Aaron ",28,0.248,480,119,90,79,27,11,19
"Jones, Adam L",32,0.281,580,163,54,63,15,7,19
"Lowrie, Jed ",34,0.267,596,159,78,99,23,0,19
"Piscotty, Stephen ",25,0.273,582,159,86,85,22,7,19
"Cespedes, Yoenis ",30,0.280,479,134,72,86,31,3,19
"Rendon, Anthony ",26,0.270,567,153,91,85,20,12,19
"Davis, Khristopher ",29,0.247,566,140,91,110,43,4,19
"Carpenter, Matt ",32,0.257,564,145,111,81,36,4,19
"Desmond, Ian ",32,0.236,555,131,82,88,22,20,19
"Kemp, Matt ",33,0.290,462,134,62,85,21,0,19
"Smoak, Justin ",30,0.270,560,151,85,90,38,0,19
"Mancini, Trey ",25,0.293,543,159,65,78,24,1,19
"Machado, Manny ",24,0.259,630,163,81,95,33,9,19
"Encarnacion, Edwin ",34,0.258,554,143,96,107,38,2,19
"Turner, Justin M",31,0.275,556,153,79,90,27,4,19
"McCutchen, Andrew ",31,0.255,569,145,83,65,20,14,19
"Castellanos, Nick ",25,0.272,610,166,73,101,26,4,19
"Buxton, Byron ",23,0.253,462,117,69,51,16,29,19
"Semien, Marcus ",27,0.255,632,161,89,70,15,14,18
"Escobar, Eduardo ",29,0.272,566,154,75,84,23,2,18
"Duffy, Matt ",27,0.294,503,148,59,44,4,12,18
"Springer, George ",28,0.265,544,144,102,71,22,6,18
"Rosario, Amed ",22,0.256,554,142,76,51,9,24,18
"Baez, Javier ",24,0.273,469,128,75,75,23,10,18
"Cozart, Zack ",31,0.297,438,130,80,63,24,3,18
"Pollock, A.J. ",30,0.257,413,106,61,65,21,13,18
"Cano, Robinson ",34,0.280,592,166,79,97,23,1,18
"Phillips, Brandon ",36,0.285,572,163,81,60,13,11,18
"Hoskins, Rhys ",25,0.246,558,137,89,96,34,5,18
"Hernandez, Cesar ",28,0.253,605,153,91,60,15,19,18
"Jones, Adam L",31,0.285,597,170,82,73,26,2,18
"Profar, Jurickson ",25,0.254,524,133,82,77,20,10,18
"Moustakas, Mike ",28,0.272,555,151,75,85,38,0,18
"Hosmer, Eric ",26,0.266,605,161,80,104,25,5,18
"Davis, Khristopher ",28,0.247,555,137,85,102,42,1,18
"Harrison, Josh ",28,0.283,487,138,57,59,4,19,18
"Hernandez, Cesar ",26,0.294,547,161,67,39,6,17,18
"Prado, Martin M",32,0.305,600,183,70,75,8,2,18
"Upton, Melvin ",31,0.238,492,117,64,61,20,27,18
"Ramos, Wilson ",30,0.306,382,117,39,70,15,0,17
"Bruce, Jay ",29,0.250,539,135,74,99,33,4,17
"Dickerson, Corey ",28,0.282,588,166,84,62,27,4,17
"Realmuto, Jacob ",27,0.277,477,132,74,74,21,3,17
"Zobrist, Ben ",37,0.305,455,139,67,58,9,3,17
"Mauer, Joe ",34,0.305,525,160,69,71,7,2,17
"Diaz, Aledmys ",25,0.300,404,121,71,65,17,4,17
"Choo, Shin-Soo ",35,0.264,560,148,83,62,21,6,17
"Tomas, Yasmany ",25,0.272,530,144,72,83,31,2,17
"Peraza, Jose ",22,0.324,241,78,25,25,3,21,17
"Story, Trevor ",23,0.272,372,101,67,72,27,8,17
"Moustakas, Mike ",29,0.251,573,144,66,95,28,4,17
"Dyson, Jarrod ",31,0.278,299,83,46,25,1,30,17
"Bour, Justin ",29,0.289,377,109,52,83,25,1,17
"Beltre, Adrian ",38,0.312,340,106,47,71,17,1,17
"Choo, Shin-Soo ",34,0.261,544,142,96,78,22,12,17
"Taylor, Michael ",26,0.271,399,108,55,53,19,17,17
"Reynolds, Mark A",33,0.267,520,139,82,97,30,2,17
"Frazier, Todd ",30,0.225,590,133,89,98,40,15,17
"Molina, Yadier ",34,0.273,501,137,60,82,18,9,17
"Peralta, David ",29,0.293,525,154,82,57,14,8,17
"Upton, Justin ",28,0.246,570,140,81,87,31,9,17
"Orlando, Paulo ",30,0.302,457,138,52,43,5,14,17
"Morales, Kendrys ",33,0.263,558,147,65,93,30,0,17
"Maybin, Cameron ",29,0.315,349,110,65,43,4,15,17
"Jones, Adam L",30,0.265,619,164,86,83,29,2,17
"Gregorius, Didi ",26,0.276,562,155,68,70,20,7,17
"Posey, Buster ",29,0.288,539,155,82,80,14,6,17
"Owings, Christopher ",24,0.277,437,121,52,49,5,21,16
"Molina, Yadier ",33,0.307,534,164,56,58,8,3,16
"Gonzalez, Adrian ",34,0.285,568,162,69,90,18,0,16
"Cabrera, Asdrubal ",30,0.280,521,146,65,62,23,5,16
"Pagan, Angel ",35,0.277,495,137,71,55,12,15,16
"Reyes, Jose B",34,0.246,501,123,75,58,15,24,16
"Cron, C.J. ",28,0.253,501,127,68,74,30,1,16
"Abreu, Jose ",31,0.265,499,132,68,78,22,2,16
"Shaw, Travis ",28,0.241,498,120,73,86,32,5,16
"LeMahieu, DJ ",29,0.276,533,147,90,62,15,6,16
"Hamilton, Billy ",27,0.236,504,119,74,29,4,34,16
"Braun, Ryan J",34,0.254,405,103,59,64,20,11,16
"Lamb, Jacob ",26,0.248,536,133,89,105,30,6,16
"Arcia, Orlando ",22,0.277,506,140,56,53,15,14,16
"Hernandez, Cesar ",27,0.294,511,150,85,34,9,15,16
"Kendrick, Howie ",33,0.315,305,96,40,41,9,12,16
"Pollock, A.J. ",29,0.266,425,113,73,49,14,20,16
"Cabrera, Melky ",32,0.283,615,174,76,81,16,1,16
"Beckham, Tim ",27,0.278,533,148,67,62,22,6,16
"Souza, Steven ",28,0.239,523,125,78,78,30,16,16
"Bogaerts, Xander ",24,0.273,571,156,94,62,10,15,16
"Turner, Justin M",33,0.312,365,114,62,52,14,2,16
"Olson, Matt ",24,0.247,580,143,85,84,29,2,16
"Pillar, Kevin ",29,0.252,512,129,65,59,15,14,16
"Cain, Lorenzo ",30,0.287,397,114,56,56,9,14,16
"Donaldson, Josh ",31,0.270,415,112,65,78,33,2,16
"DeShields Jr., Delino ",24,0.269,376,101,75,22,6,29,16
"Bruce, Jay ",30,0.254,555,141,82,101,36,1,16
"Odor, Rougned ",24,0.253,474,120,76,63,18,12,16
"Parra, Gerardo ",30,0.309,392,121,56,71,10,2,15
"Realmuto, Jacob ",26,0.278,532,148,68,65,17,8,15
"Martin, Leonys ",28,0.247,518,128,72,47,15,24,15
"Votto, Joey ",34,0.284,503,143,67,67,12,2,15
"Parra, Gerardo ",31,0.284,401,114,52,53,6,11,15
"Gonzalez, Carlos ",32,0.276,463,128,71,64,16,5,15
"Brantley, Michael C",30,0.299,338,101,47,52,9,11,15
"Ellsbury, Jacoby ",32,0.263,551,145,71,56,9,20,15
"Contreras, Willson ",25,0.276,377,104,50,74,21,5,15
"Castro, Starlin ",28,0.278,593,165,76,54,12,6,15
"Duvall, Adam ",28,0.249,587,146,78,99,31,5,15
"Castro, Starlin ",27,0.300,443,133,66,63,16,2,15
"Baez, Javier ",23,0.273,421,115,50,59,14,12,15
"Crawford, Brandon ",29,0.275,553,152,67,84,12,7,15
"Duvall, Adam ",27,0.241,552,133,85,103,33,6,15
"Fowler, Dexter D",30,0.276,456,126,84,48,13,13,15
"Inciarte, Ender ",25,0.291,522,152,85,29,3,16,15
"Zobrist, Ben ",35,0.272,523,142,94,76,18,6,15
"Kiermaier, Kevin ",27,0.276,380,105,56,39,15,16,15
"Herrera, Odubel ",25,0.281,526,148,67,56,14,8,14
"Braun, Ryan J",33,0.268,380,102,58,52,17,12,14
"Conforto, Michael ",24,0.279,373,104,72,68,27,2,14
"DeJong, Paul ",23,0.285,417,119,55,65,25,1,14
"Gyorko, Jedd ",28,0.272,426,116,52,67,20,6,14
"McCutchen, Andrew ",29,0.256,598,153,81,79,24,6,14
"Iglesias, Jose ",28,0.269,432,116,43,48,5,15,14
"Marte, Starling ",28,0.275,309,85,48,31,7,21,14
"Suarez, Eugenio ",25,0.260,534,139,87,82,26,4,14
"Schoop, Jonathan ",24,0.267,615,164,82,82,25,1,14
"Walker, Neil ",30,0.282,412,116,57,55,23,3,14
"Castro, Starlin ",26,0.270,577,156,63,70,21,4,14
"Calhoun, Kole ",28,0.271,594,161,91,75,18,2,14
"Lamb, Jacob ",25,0.249,523,130,81,91,29,6,14
"Mazara, Nomar ",23,0.258,489,126,61,77,20,1,14
"Napoli, Mike A",34,0.239,557,133,92,101,34,5,14
"Harrison, Josh ",29,0.272,486,132,66,47,16,12,14
"Travis, Devon ",25,0.300,410,123,54,50,11,4,14
"Ellsbury, Jacoby ",33,0.264,356,94,65,39,7,22,14
"Perez, Salvador ",27,0.268,471,126,57,80,27,1,14
"Santana, Carlos ",31,0.259,571,148,90,79,23,5,14
"Morrison, Logan ",29,0.246,512,126,75,85,38,2,14
"Maybin, Cameron ",30,0.228,395,90,63,35,10,33,14
"Longoria, Evan ",31,0.261,613,160,71,86,20,6,14
"Bader, Harrison ",24,0.264,379,100,61,37,12,15,14
"Camargo, Johan ",24,0.272,464,126,63,76,19,1,14
"Franco, Maikel ",25,0.270,433,117,48,68,22,1,14
"Herrera, Odubel ",26,0.255,550,140,64,71,22,5,14
"Jankowski, Travis ",27,0.259,347,90,45,17,4,24,14
"Healy, Ryon ",25,0.271,576,156,66,78,25,0,14
"Dyson, Jarrod ",32,0.251,346,87,56,30,5,28,14
"Anderson, Tim ",24,0.257,583,150,72,56,17,15,14
"Alonso, Yonder ",30,0.266,451,120,72,67,28,2,14
"Molina, Yadier ",35,0.261,459,120,55,74,20,4,14
"Taylor, Chris ",27,0.254,536,136,85,63,17,9,13
"Bradley, Jackie ",28,0.234,474,111,76,59,13,17,13
"Carter, Chris ",29,0.222,549,122,84,94,41,3,13
"Galvis, Freddy ",26,0.241,584,141,61,67,20,17,13
"Gordon, Dee ",28,0.268,325,87,47,14,1,30,13
"Solarte, Yangervis ",28,0.286,405,116,55,71,15,1,13
"Span, Denard ",32,0.266,572,152,70,53,11,12,13
"Kinsler, Ian M",36,0.240,487,117,66,48,14,16,13
"Span, Denard ",34,0.261,437,114,63,58,11,9,13
"Goodrum, Niko ",26,0.245,444,109,55,53,16,12,13
"Gallo, Joey ",24,0.206,500,103,82,92,40,3,13
"Castellanos, Nick ",24,0.285,411,117,54,58,18,1,13
"Beltre, Adrian ",39,0.273,433,118,49,65,15,1,13
"Nimmo, Brandon ",25,0.263,433,114,77,47,17,9,13
"Sano, Miguel ",24,0.264,424,112,75,77,28,0,13
"Cron, C.J. ",26,0.278,407,113,51,69,16,2,13
"Escobar, Alcides ",29,0.261,637,166,57,55,7,17,13
"Naquin, Tyler ",25,0.296,321,95,52,43,14,6,13
"Semien, Marcus ",25,0.238,568,135,72,75,27,10,13
"Murphy, Daniel ",33,0.299,328,98,40,42,12,3,13
"Hosmer, Eric ",28,0.253,613,155,72,69,18,7,13
"Eaton, Adam ",29,0.301,319,96,55,33,5,9,13
"Conforto, Michael ",25,0.243,543,132,78,82,28,3,13
"Cabrera, Asdrubal ",32,0.262,546,143,68,75,23,0,13
"Bell, Josh E",24,0.255,549,140,75,90,26,2,13
"Happ, Ian ",22,0.253,364,92,62,68,24,8,13
"Margot, Manuel ",22,0.263,487,128,53,39,13,17,13
"Peraza, Jose ",23,0.259,487,126,50,37,5,23,13
"Span, Denard ",33,0.272,497,135,73,43,12,12,13
"Polanco, Jorge Luis",23,0.256,488,125,60,74,13,13,13
"Alonso, Yonder ",31,0.250,516,129,64,83,23,0,13
"Pedroia, Dustin L",33,0.293,406,119,46,62,7,4,13
"Headley, Chase ",33,0.273,512,140,77,61,12,9,13
"Villar, Jonathan ",26,0.241,403,97,49,40,11,23,12
"Perez, Hernan ",26,0.259,432,112,47,51,14,13,12
"Panik, Joe ",26,0.288,511,147,60,53,10,4,12
"Owings, Christopher ",25,0.268,362,97,41,51,12,12,12
"Martinez, Jose ",28,0.309,272,84,47,46,14,4,12
"Galvis, Freddy ",27,0.255,608,155,71,61,12,14,12
"Fowler, Dexter D",31,0.264,420,111,68,64,18,7,12
"Desmond, Ian ",31,0.274,339,93,47,40,7,15,12
"Altherr, Aaron ",26,0.272,372,101,58,65,19,5,12
"Renfroe, Hunter ",26,0.248,403,100,53,68,26,2,12
"Marte, Ketel ",24,0.260,520,135,68,59,14,6,12
"Dahl, David ",24,0.273,249,68,31,48,16,5,12
"Anderson, Brian ",25,0.273,590,161,87,65,11,2,12
"Tulowitzki, Troy ",31,0.254,492,125,54,79,24,1,12
"Suarez, Eugenio ",24,0.248,565,140,78,70,21,11,12
"Miller, Bradley ",26,0.243,548,133,73,81,30,6,12
"Smoak, Justin ",31,0.242,505,122,67,77,25,0,12
"Ozuna, Marcell ",25,0.266,557,148,75,76,23,0,12
"Perez, Salvador ",28,0.235,510,120,52,80,27,1,12
"Palka, Daniel ",26,0.240,417,100,56,67,27,2,12
"Seager, Kyle ",29,0.249,578,144,72,88,27,2,12
"Pillar, Kevin ",28,0.256,587,150,72,42,16,15,12
"Mazara, Nomar ",22,0.253,554,140,64,101,20,2,12
"Lowrie, Jed ",33,0.277,567,157,86,69,14,0,12
"Hicks, Aaron ",27,0.266,301,80,54,52,15,10,12
"Haniger, Mitch ",26,0.282,369,104,58,47,16,5,12
"Gomez, Carlos ",31,0.255,368,94,51,51,17,13,12
"Gattis, Evan ",29,0.251,447,112,58,72,32,2,12
"Kiermaier, Kevin ",26,0.246,366,90,55,37,12,21,12
"Forsythe, Logan ",29,0.264,511,135,76,52,20,6,12
"Pillar, Kevin ",27,0.266,548,146,59,53,7,14,12
"Valencia, Danny ",31,0.287,471,135,72,51,17,1,12
"Grichuk, Randal ",26,0.245,424,104,60,61,25,3,12
"Gordon, Alex ",34,0.245,506,124,56,54,13,12,12
"Diaz, Aledmys ",27,0.263,422,111,55,55,18,3,12
"Cano, Robinson ",35,0.303,310,94,44,50,10,0,12
"Moncada, Yoan ",23,0.235,578,136,73,61,17,12,12
"Belt, Brandon ",28,0.275,542,149,77,82,17,0,12
"Drury, Brandon ",23,0.282,461,130,59,53,16,1,12
"Allen, Greg ",25,0.257,265,68,36,20,2,21,11
"Hernandez, Teoscar ",25,0.239,476,114,67,57,22,5,11
"Devers, Rafael ",21,0.240,450,108,59,66,21,5,11
"Freese, David ",35,0.296,280,83,38,51,11,0,11
"Hernandez, Enrique ",26,0.256,402,103,67,52,21,3,11
"Kemp, Matt ",32,0.276,438,121,47,64,19,0,11
"Lind, Adam A",33,0.303,267,81,39,59,14,1,11
"Cabrera, Asdrubal ",31,0.280,479,134,66,59,14,3,11
"Broxton, Keon ",27,0.220,414,91,66,49,20,21,11
"Morales, Kendrys ",35,0.249,413,103,47,57,21,2,11
"Holt, Brock ",30,0.277,321,89,41,46,7,7,11
"Escobar, Eduardo ",28,0.254,457,116,62,73,21,5,11
"Nunez, Eduardo ",31,0.265,480,127,56,44,10,7,11
"Polanco, Jorge Luis",24,0.288,302,87,38,42,6,7,11
"Simmons, Andrelton ",26,0.281,448,126,48,44,4,10,11
"Sanchez, Gary ",23,0.299,201,60,34,42,20,1,11
"Saladino, Tyler ",26,0.282,298,84,33,38,8,11,11
"Mazara, Nomar ",21,0.266,516,137,59,64,20,0,11
"Gardner, Brett ",32,0.261,547,143,80,41,7,16,11
"Escobar, Yunel ",33,0.304,517,157,68,39,5,0,11
"Chisenhall, Lonnie ",27,0.286,385,110,43,57,8,6,11
"Anderson, Tim ",23,0.283,410,116,57,30,9,10,11
"Story, Trevor ",24,0.239,503,120,68,82,24,7,11
"Castillo, Welington ",30,0.282,341,96,44,53,20,0,11
"Davis, Rajai ",36,0.235,336,79,56,20,5,29,11
"Gallo, Joey ",23,0.209,449,94,85,80,41,7,11
"Gamel, Benjamin ",25,0.275,509,140,68,59,11,4,11
"Morales, Kendrys ",34,0.250,557,139,67,85,28,0,11
"Pujols, Albert ",37,0.241,593,143,53,101,23,3,11
"Revere, Ben ",29,0.275,291,80,37,20,1,21,11
"Sanchez, Yolmer ",25,0.266,482,128,62,59,12,8,11
"Spangenberg, Cory ",26,0.264,444,117,57,46,13,11,11
"Thames, Eric ",30,0.247,469,116,83,63,31,4,11
"Jankowski, Travis ",25,0.245,335,82,53,12,2,30,11
"Reddick, Josh ",29,0.281,398,112,53,37,10,8,11
"Myers, Wil ",27,0.253,312,79,39,39,11,13,11
"Schwarber, Kyle ",25,0.238,428,102,64,61,26,4,11
"Taylor, Michael ",27,0.227,353,80,46,28,6,24,11
"Franco, Maikel ",23,0.255,581,148,67,88,25,1,11
"Garcia, Adonis ",31,0.273,532,145,65,65,14,3,11
"Markakis, Nick ",32,0.269,599,161,67,89,13,0,11
"Pederson, Joc ",24,0.246,406,100,64,68,25,6,11
"Pence, Hunter ",33,0.289,395,114,58,57,13,1,11
"Carpenter, Matt ",30,0.271,473,128,81,68,21,0,11
"McNeil, Jeff ",26,0.329,225,74,35,19,3,7,11
"Broxton, Keon ",26,0.242,207,50,28,19,9,23,11
"Voit, Luke ",27,0.322,143,46,30,36,15,0,10
"Castillo, Welington ",29,0.264,416,110,41,68,14,2,10
"Adams, Matt ",28,0.274,339,93,46,65,20,0,10
"Frazier, Adam ",25,0.276,406,112,55,53,6,9,10
"Markakis, Nick ",33,0.275,593,163,76,76,8,0,10
"Gennett, Scooter ",26,0.263,498,131,58,56,14,8,10
"Grichuk, Randal ",24,0.240,446,107,66,68,24,5,10
"Reynolds, Mark A",32,0.282,393,111,61,53,14,1,10
"Joyce, Matt ",32,0.243,469,114,78,68,25,4,10
"Werth, Jayson ",37,0.244,525,128,84,69,21,5,10
"Bourn, Michael R",33,0.264,375,99,48,38,5,15,10
"Gomez, Carlos ",30,0.231,411,95,45,53,13,18,10
"Gonzalez, Marwin ",27,0.254,484,123,55,51,13,12,10
"Jackson, Austin ",30,0.318,280,89,46,35,7,3,10
"Kinsler, Ian M",35,0.236,551,130,90,52,22,14,10
"Sanchez, Yolmer ",26,0.242,600,145,62,55,8,14,10
"Galvis, Freddy ",28,0.248,602,149,62,67,13,8,10
"Mauer, Joe ",35,0.282,486,137,64,48,6,0,10
"Swanson, Dansby ",24,0.238,478,114,51,59,14,10,10
"Schebler, Scott ",27,0.255,380,97,55,49,17,4,10
"Santana, Carlos ",32,0.229,560,128,82,86,24,2,10
"Pederson, Joc ",26,0.248,395,98,65,56,25,1,10
"Grandal, Yasmani ",29,0.241,440,106,65,68,24,2,10
"Moran, Colin ",25,0.277,415,115,49,58,11,0,10
"Dietrich, Derek ",28,0.265,499,132,72,45,16,2,10
"Bryant, Kris ",26,0.272,389,106,59,52,13,2,10
"Adames, Willy ",22,0.278,288,80,43,34,10,6,10
"Garcia, Leury ",27,0.271,258,70,23,32,4,12,10
"Gardner, Brett ",34,0.236,530,125,95,45,12,16,10
"Healy, Ryon ",26,0.235,493,116,51,73,24,0,10
"Kipnis, Jason ",31,0.230,530,122,65,75,18,7,10
"Rojas, Miguel ",29,0.252,488,123,44,53,11,6,9
"Reddick, Josh ",31,0.242,433,105,63,47,17,7,9
"Healy, Ryon ",24,0.305,269,82,36,37,13,0,9
"Davis, Chris ",30,0.221,566,125,99,84,38,1,9
"Cuthbert, Cheslor ",23,0.274,475,130,49,46,12,2,9
"Winker, Jesse ",24,0.299,281,84,38,43,7,0,9
"Williams, Nick ",24,0.256,407,104,53,50,17,3,9
"Posey, Buster ",31,0.284,398,113,47,41,5,3,9
"Heyward, Jason ",28,0.270,440,119,67,57,8,1,9
"Margot, Manuel ",23,0.245,477,117,50,51,8,11,9
"Munoz, Yairo ",23,0.276,293,81,39,42,8,5,9
"Stanton, Giancarlo ",26,0.240,413,99,56,74,27,0,9
"Russell, Addison ",22,0.238,525,125,67,95,21,5,9
"Perez, Hernan ",27,0.253,316,80,36,29,9,11,9
"Kang, Jung-ho ",29,0.255,318,81,45,62,21,3,9
"Rodriguez, Sean ",31,0.270,300,81,49,56,18,2,9
"Zunino, Mike ",26,0.251,387,97,52,64,25,1,9
"Bradley, Jackie ",27,0.245,482,118,58,63,17,8,9
"Gomes, Yan ",30,0.266,403,107,52,48,16,0,9
"Moreland, Mitch ",32,0.245,404,99,57,68,15,2,9
"Pujols, Albert ",38,0.245,465,114,50,64,19,1,9
"Cave, Jake ",25,0.269,283,76,54,45,13,2,9
"Cespedes, Yoenis ",31,0.292,291,85,46,42,17,0,9
"Drury, Brandon ",24,0.267,445,119,41,63,13,1,9
"Pirela, Jose ",27,0.288,312,90,43,40,10,4,9
"Schebler, Scott ",26,0.233,473,110,63,67,30,5,9
"Solarte, Yangervis ",29,0.255,466,119,49,64,18,3,9
"Suzuki, Kurt ",33,0.283,276,78,38,50,19,0,9
"Williams, Nick ",23,0.288,313,90,45,55,12,1,9
"Wong, Kolten ",26,0.285,354,101,55,42,4,8,9
"Zimmer, Bradley ",24,0.241,299,72,41,39,8,18,9
"Vazquez, Christian ",26,0.290,324,94,43,32,5,7,9
"Mahtook, Mikie ",27,0.276,348,96,50,38,12,6,9
"Kepler, Max ",24,0.243,511,124,67,69,19,6,9
"Chisenhall, Lonnie ",28,0.288,236,68,34,53,12,2,9
"Almora, Albert ",24,0.286,444,127,62,41,5,1,9
"Bell, Josh E",25,0.261,501,131,74,62,12,2,9
"Crawford, Brandon ",31,0.254,531,135,63,54,14,4,9
"Culberson, Charlie ",29,0.270,296,80,47,45,12,4,9
"Dozier, Brian ",31,0.215,553,119,81,72,21,12,9
"Mancini, Trey ",26,0.242,582,141,69,58,24,0,9
"Ahmed, Nick ",28,0.234,516,121,61,70,16,5,8
"Belt, Brandon ",30,0.253,399,101,50,46,14,4,8
"Trumbo, Mark ",32,0.261,330,86,41,44,17,0,8
"Correa, Carlos ",23,0.239,402,96,60,65,15,3,8
"Aoki, Norichika ",34,0.283,417,118,63,28,4,7,8
"Saunders, Michael ",29,0.253,490,124,70,57,24,1,8
"Canha, Mark ",29,0.249,365,91,60,52,17,1,8
"Flores, Wilmer ",25,0.271,336,91,42,52,18,1,8
"Sano, Miguel ",23,0.236,437,103,57,66,25,1,8
"Perez, Salvador ",26,0.247,514,127,57,64,22,0,8
"Headley, Chase ",32,0.253,467,118,58,51,14,8,8
"DeJong, Paul ",24,0.241,436,105,68,68,19,1,8
"Pearce, Steve W",35,0.284,215,61,35,42,11,0,8
"Garcia, Avisail ",27,0.236,356,84,47,49,19,3,8
"Gattis, Evan ",31,0.226,407,92,49,78,25,1,8
"Gonzalez, Marwin ",29,0.247,489,121,61,68,16,2,8
"Gurriel, Lourdes ",24,0.281,249,70,30,35,11,1,8
"Kemp, Anthony ",26,0.263,255,67,37,30,6,9,8
"Martin, Leonys ",30,0.255,318,81,48,33,11,7,8
"Cervelli, Francisco ",32,0.259,332,86,39,57,12,2,8
"Gonzalez, Carlos ",31,0.262,470,123,72,57,14,3,8
"Flores, Wilmer ",26,0.267,386,103,43,51,11,0,8
"Calhoun, Kole ",29,0.244,569,139,77,71,19,5,8
"Grichuk, Randal ",25,0.238,412,98,53,59,22,6,8
"Jay, Jon ",32,0.296,379,112,65,34,2,6,8
"Pence, Hunter ",34,0.260,493,128,55,67,13,2,8
"Crawford, Brandon ",30,0.253,518,131,58,77,14,3,8
"Aoki, Norichika ",35,0.277,336,93,48,35,5,10,8
"Almora, Albert ",23,0.298,299,89,39,46,8,1,8
"Smith, Mallex ",24,0.270,256,69,33,12,2,16,8
"Semien, Marcus ",26,0.249,342,85,53,40,10,12,8
"Olson, Matt ",23,0.259,189,49,33,45,24,0,8
"Moreland, Mitch ",31,0.246,508,125,73,79,22,0,8
"Marisnick, Jake ",26,0.243,230,56,50,35,16,9,8
"Reyes, Franmil ",22,0.280,261,73,36,31,16,0,8
"Carrera, Ezequiel ",30,0.282,287,81,38,20,8,10,8
"Garcia, Leury ",26,0.274,296,81,40,33,9,8,8
"Suzuki, Kurt ",34,0.271,347,94,45,50,12,0,8
"Zimmerman, Ryan W",33,0.264,288,76,33,51,13,1,8
"Dahl, David ",22,0.315,222,70,42,24,7,5,8
"Granderson, Curtis ",35,0.237,545,129,88,59,30,4,8
"Gyorko, Jedd ",27,0.243,400,97,58,59,30,0,8
"Suzuki, Ichiro ",42,0.291,327,95,48,22,1,10,8
"Hanson, Alen ",25,0.252,294,74,36,39,8,7,7
"Presley, Alex ",31,0.314,245,77,30,20,3,5,7
"Alfaro, Jorge ",25,0.262,344,90,35,37,10,3,7
"Devers, Rafael ",20,0.284,222,63,34,30,10,3,7
"Iglesias, Jose ",27,0.258,458,118,56,54,6,7,7
"Odor, Rougned ",23,0.204,607,124,79,75,30,15,7
"Valencia, Danny ",32,0.256,450,115,54,66,15,2,7
"Merrifield, Whit ",27,0.283,311,88,44,29,2,8,7
"Heyward, Jason ",27,0.259,432,112,59,59,11,4,7
"Flowers, Tyler ",31,0.281,317,89,41,49,12,0,7
"Carpenter, Matt ",31,0.241,497,120,91,69,23,2,7
"Barnes, Austin ",27,0.289,218,63,35,38,8,4,7
"Albies, Ozhaino ",20,0.286,217,62,34,28,6,8,7
"Aguilar, Jesus ",27,0.265,279,74,40,52,16,0,7
"Adams, Matt ",29,0.239,306,73,42,57,21,0,7
"Contreras, Willson ",26,0.249,474,118,50,54,10,4,7
"Kepler, Max ",23,0.235,396,93,52,63,17,6,7
"Cron, C.J. ",27,0.248,339,84,39,56,16,3,7
"Pina, Manny ",30,0.279,330,92,45,43,9,2,7
"Hernandez, Gorkys ",30,0.234,414,97,52,40,15,8,7
"Jay, Jon ",33,0.268,527,141,74,40,3,4,7
"Longoria, Evan ",32,0.244,480,117,51,54,16,3,7
"Villanueva, Christian ",27,0.236,351,83,42,46,20,3,7
"Seager, Kyle ",30,0.221,583,129,62,78,22,2,7
"Walker, Neil ",31,0.265,385,102,59,49,14,0,7
"Hoskins, Rhys ",24,0.259,170,44,37,48,18,2,7
"Happ, Ian ",23,0.233,387,90,56,44,15,8,7
"Gyorko, Jedd ",29,0.262,351,92,49,47,11,2,7
"Frazier, Todd ",32,0.213,408,87,54,59,18,9,7
"Frazier, Adam ",26,0.277,318,88,52,35,10,1,7
"Diaz, Elias ",27,0.286,252,72,33,34,10,0,7
"Dickerson, Corey ",27,0.245,510,125,57,70,24,0,7
"Grossman, Robert ",26,0.280,332,93,49,37,11,2,7
"Leon, Sandy ",27,0.310,252,78,36,35,7,0,7
"White, Tyler ",27,0.276,210,58,27,42,12,0,7
"Pearce, Steve W",33,0.288,264,76,35,35,13,0,7
"Cozart, Zack ",30,0.252,464,117,67,50,16,4,7
"Shaw, Travis ",26,0.242,480,116,63,71,16,5,7
"Puig, Yasiel ",25,0.263,334,88,45,45,11,5,7
"Freese, David ",33,0.270,437,118,63,55,13,0,7
"Flores, Wilmer ",24,0.267,307,82,38,49,16,1,7
"Joseph, Tommy ",24,0.257,315,81,47,47,21,1,7
"Souza, Steven ",27,0.247,430,106,58,49,17,7,7
"Engel, Adam ",26,0.235,429,101,49,29,6,16,7
"Grossman, Robert ",28,0.273,396,108,50,48,5,0,7
"Kiner-Falefa, Isiah ",23,0.261,356,93,43,34,4,7,7
"Contreras, Willson ",24,0.282,252,71,33,35,12,2,6
"Thames, Eric ",31,0.219,247,54,41,37,16,7,6
"Mauer, Joe ",33,0.261,494,129,68,49,11,2,6
"Rosario, Eddie ",24,0.269,335,90,52,32,10,5,6
"Difo, Wilmer ",25,0.271,332,90,47,21,5,10,6
"Bour, Justin ",28,0.264,280,74,35,51,15,0,6
"Austin, Tyler ",26,0.230,244,56,34,47,17,1,6
"Grandal, Yasmani ",27,0.228,390,89,49,72,27,1,6
"Holliday, Matt T",36,0.246,382,94,48,62,20,0,6
"Kendrick, Howie ",32,0.255,487,124,65,40,8,10,6
"Gentry, Craig ",34,0.269,156,42,13,11,1,12,6
"Schoop, Jonathan ",26,0.233,473,110,61,61,21,1,6
"Wong, Kolten ",27,0.249,353,88,41,38,9,6,6
"Marte, Jefry ",25,0.252,258,65,38,44,15,2,6
"Young Jr., Eric O",32,0.264,110,29,24,16,4,12,6
"Torreyes, Ronald ",24,0.292,315,92,35,36,3,2,6
"Ramirez, Hanley ",33,0.242,496,120,58,62,23,1,6
"Gattis, Evan ",30,0.263,300,79,41,55,12,0,6
"Chirinos, Robinson ",33,0.255,263,67,46,38,17,1,6
"Cabrera, Miguel ",34,0.249,469,117,50,60,16,0,6
"Bonifacio, Jorge ",24,0.255,384,98,55,40,17,1,6
"Reyes, Jose B",33,0.267,255,68,45,24,8,9,6
"Barnhart, Tucker ",26,0.270,370,100,26,44,7,4,6
"Renfroe, Hunter ",25,0.231,445,103,51,58,26,3,6
"Joseph, Tommy ",25,0.240,495,119,51,69,22,1,6
"Grandal, Yasmani ",28,0.247,438,108,50,58,22,0,6
"Martin, Russell N",33,0.231,455,105,62,74,20,2,6
"Goodwin, Brian ",26,0.251,251,63,41,30,13,6,6
"Kim, Hyun-Soo ",28,0.302,305,92,36,22,6,1,6
"Davis, Rajai ",37,0.224,196,44,33,6,1,21,6
"Narvaez, Omar ",26,0.275,280,77,30,30,9,0,6
"Maybin, Cameron ",31,0.249,342,85,32,28,4,10,6
"Laureano, Ramon ",23,0.288,156,45,27,19,5,7,6
"Kepler, Max ",25,0.224,532,119,80,58,20,4,6
"Guzman, Ronald ",23,0.235,387,91,46,58,16,1,6
"Garver, Mitch ",27,0.268,302,81,38,45,7,0,6
"Gentry, Craig ",34,0.269,156,42,13,11,1,12,6
"Alvarez, Pedro ",29,0.249,337,84,43,49,22,1,6
"Davidson, Matthew ",27,0.228,434,99,51,62,20,0,6
"Chirinos, Robinson ",34,0.222,360,80,48,65,18,2,6
"Cabrera, Melky ",33,0.280,250,70,28,39,6,1,6
"Bautista, Jose A",35,0.234,423,99,68,69,22,2,6
"Frazier, Todd ",31,0.214,472,101,73,76,27,4,5
"Duda, Lucas ",32,0.241,328,79,35,50,14,1,5
"Ervin, Phillip ",25,0.252,218,55,27,31,7,6,5
"Quinn, Roman ",25,0.260,131,34,13,12,2,10,5
"Reynolds, Mark A",34,0.248,206,51,26,40,13,0,5
"Dickerson, Alex ",26,0.257,253,65,39,37,10,5,5
"Trumbo, Mark ",31,0.234,559,131,79,65,23,1,5
"McCann, James ",27,0.253,352,89,39,49,13,1,5
"McCann, Brian ",33,0.241,349,84,47,62,18,1,5
"Hechavarria, Adeiny ",28,0.261,330,86,37,30,8,4,5
"Andrus, Elvis ",29,0.256,395,101,53,33,6,5,5
"Belt, Brandon ",29,0.241,382,92,63,51,18,3,5
"Adrianza, Ehire ",28,0.251,335,84,42,39,6,5,5
"Blanco, Gregor ",33,0.246,224,55,43,13,3,15,5
"Cespedes, Yoenis ",32,0.262,141,37,20,29,9,3,5
"Adams, Matt ",27,0.249,297,74,37,54,16,0,5
"Adams, Lane ",27,0.275,109,30,19,20,5,10,5
"Avila, Alex ",30,0.263,308,81,40,48,13,0,5
"Polanco, Gregory ",25,0.251,379,95,39,35,11,8,5
"Mercer, Jordy ",30,0.255,502,128,52,58,14,0,5
"Iannetta, Chris ",34,0.254,272,69,38,43,17,0,5
"Granderson, Curtis ",36,0.212,449,95,74,64,26,6,5
"Freese, David ",34,0.263,426,112,44,52,10,0,5
"Difo, Wilmer ",26,0.230,408,94,55,42,7,10,5
"Candelario, Jeimer ",24,0.224,539,121,78,54,19,3,5
"Bour, Justin ",30,0.227,423,96,49,59,20,2,5
"Lawrie, Brett ",26,0.248,351,87,35,36,12,7,5
"Rua, Ryan ",26,0.258,240,62,40,22,8,9,5
"Polanco, Jorge Luis",22,0.282,245,69,24,27,4,4,5
"Plouffe, Trevor ",30,0.260,319,83,35,47,12,1,5
"Moreland, Mitch ",30,0.233,460,107,49,60,22,1,5
"McCann, Brian ",32,0.242,429,104,56,58,20,1,5
"Marte, Ketel ",22,0.259,437,113,55,33,1,11,5
"Hill, Aaron ",34,0.262,378,99,48,38,10,4,5
"Utley, Chase ",37,0.252,512,129,79,52,14,2,5
"Hardy, J.J. ",33,0.269,405,109,43,48,9,0,5
"Guyer, Brandon ",30,0.266,293,78,39,32,9,3,5
"Garcia, Avisail ",25,0.245,413,101,59,51,12,4,5
"Duffy, Matt ",25,0.258,333,86,41,28,5,8,5
"Crisp, Coco ",36,0.231,446,103,54,55,13,10,5
"Alonso, Yonder ",29,0.253,482,122,52,56,7,3,5
"Smith, Seth ",33,0.249,378,94,62,63,16,0,5
"Smith, Mallex ",23,0.238,189,45,28,22,3,16,5
"Robertson, Daniel ",24,0.262,282,74,46,34,9,2,5
"Moss, Brandon ",32,0.225,413,93,66,67,28,1,5
"Choi, Ji-Man ",27,0.263,190,50,25,32,10,2,5
"DeShields Jr., Delino ",25,0.216,334,72,52,22,2,20,5
"Gamel, Benjamin ",26,0.272,257,70,37,19,1,7,5
"Martinez, Victor ",39,0.251,467,117,32,54,9,0,5
"Meadows, Austin ",23,0.287,178,51,19,17,6,5,5
"Pinder, Chad ",26,0.258,298,77,43,27,13,0,5
"Rupp, Cameron ",27,0.252,389,98,36,54,16,1,5
"Soler, Jorge ",26,0.265,223,59,27,28,9,3,5
"Dietrich, Derek ",26,0.279,351,98,39,42,7,1,5
"Wieters, Matt ",30,0.243,423,103,48,66,17,1,5
"Jay, Jon ",31,0.291,347,101,49,26,2,2,5
"Mercer, Jordy ",29,0.256,519,133,66,59,11,1,5
"Schimpf, Ryan ",28,0.217,276,60,48,51,20,1,4
"Taylor, Michael ",25,0.231,221,51,28,16,7,14,4
"Franco, Maikel ",24,0.230,575,132,66,76,24,0,4
"D Arnaud, Travis ",28,0.244,348,85,39,57,16,0,4
"Smith, Kevan ",29,0.283,272,77,22,30,4,0,4
"Hernandez, Gorkys ",29,0.255,310,79,40,22,0,12,4
"Escobar, Yunel ",34,0.274,350,96,43,31,7,1,4
"Rasmus, Colby ",30,0.281,121,34,17,23,9,1,4
"Pinder, Chad ",25,0.238,282,67,36,42,15,2,4
"Pearce, Steve W",34,0.252,313,79,38,37,13,0,4
"Martinez, Victor ",38,0.255,388,99,38,47,10,0,4
"Holliday, Matt T",37,0.231,373,86,50,64,19,1,4
"Grossman, Robert ",27,0.246,382,94,62,45,9,3,4
"Escobar, Alcides ",30,0.250,599,150,71,54,6,4,4
"Lucroy, Jonathan ",31,0.265,423,112,45,40,6,1,4
"Duda, Lucas ",31,0.217,423,92,50,64,30,0,4
"Davidson, Matthew ",26,0.217,410,89,42,67,25,0,4
"Smith, Seth ",34,0.258,330,85,50,32,13,2,4
"Parra, Gerardo ",29,0.253,368,93,45,39,7,6,4
"Adrianza, Ehire ",27,0.265,162,43,30,24,2,8,4
"Valaika, Pat ",24,0.258,182,47,28,40,13,0,4
"Schebler, Scott ",25,0.265,257,68,36,40,9,2,4
"Ramirez, Hanley ",34,0.254,177,45,25,29,6,4,4
"Panik, Joe ",25,0.239,464,111,67,62,10,5,4
"Hicks, John ",28,0.260,288,75,35,32,9,0,4
"Harrison, Josh ",30,0.250,344,86,41,37,8,3,4
"Granderson, Curtis ",37,0.242,343,83,60,38,13,2,4
"Joyce, Matt ",31,0.242,231,56,45,42,13,1,4
"Bregman, Alex ",22,0.264,201,53,31,34,8,2,4
"Buxton, Byron ",22,0.225,298,67,44,38,10,10,4
"Franklin, Nick ",25,0.270,174,47,18,26,6,6,4
"Holt, Brock ",28,0.255,290,74,45,34,7,4,4
"Iglesias, Jose ",26,0.255,467,119,57,32,4,7,4
"Lind, Adam A",32,0.239,401,96,48,58,20,0,4
"Valbuena, Luis ",30,0.260,292,76,38,40,13,1,4
"Fletcher, David ",24,0.275,284,78,35,25,1,3,4
"Calhoun, Kole ",30,0.208,491,102,71,57,19,6,4
"Astudillo, Willians ",26,0.355,93,33,9,21,3,0,4
"Vogt, Stephen ",31,0.251,490,123,54,56,14,0,4
"Young, Chris B",32,0.276,203,56,29,24,9,4,4
"Hedges, Austin ",25,0.231,303,70,29,37,14,3,4
"Descalso, Daniel W",31,0.238,349,83,54,57,13,0,4
"Russell, Addison ",24,0.250,420,105,52,38,5,4,4
"Camargo, Johan ",23,0.299,241,72,30,27,4,0,4
"Jaso, John ",32,0.268,380,102,45,42,8,0,4
"Herrmann, Chris ",28,0.284,148,42,21,28,6,4,4
"Valencia, Danny ",33,0.263,255,67,28,28,9,1,4
"Espinosa, Danny ",29,0.209,516,108,66,72,24,9,4
"Descalso, Daniel W",29,0.264,250,66,38,38,8,3,4
"Flowers, Tyler ",30,0.270,281,76,27,41,8,0,4
"Pirela, Jose ",28,0.249,438,109,54,32,5,6,4
"Valencia, Danny ",33,0.263,255,67,28,28,9,1,4
"Travis, Devon ",27,0.232,357,83,41,44,11,3,4
"Solarte, Yangervis ",30,0.226,468,106,50,54,17,1,4
"Romine, Austin ",29,0.244,242,59,30,42,10,1,4
"Ramirez, Hanley ",34,0.254,177,45,25,29,6,4,4
"O Hearn, Ryan ",24,0.262,149,39,23,30,12,0,4
"Phillips, Brett ",23,0.276,87,24,9,12,4,5,3
"Tapia, Raimel ",23,0.288,160,46,27,16,2,5,3
"Schwarber, Kyle ",24,0.211,422,89,67,59,30,1,3
"Rojas, Miguel ",28,0.290,272,79,37,26,1,2,3
"Rivera, T.J. ",28,0.290,214,62,27,27,5,1,3
"Gomez, Carlos ",32,0.208,360,75,42,32,9,12,3
"Nava, Daniel ",34,0.301,183,55,21,21,4,1,3
"Dietrich, Derek ",27,0.249,406,101,56,53,13,0,3
"Jones, JaCoby ",26,0.207,429,89,54,34,11,13,3
"Descalso, Daniel W",30,0.233,344,80,47,51,10,4,3
"Diaz, Aledmys ",26,0.259,286,74,31,20,7,4,3
"Peterson, Jace ",26,0.254,350,89,45,29,7,5,3
"Rosales, Adam M",33,0.229,214,49,37,35,13,4,3
"Sucre, Jesus ",29,0.256,176,45,20,29,7,2,3
"Kipnis, Jason ",30,0.232,336,78,43,35,12,6,3
"Goins, Ryan ",29,0.237,418,99,37,62,9,3,3
"Delmonico, Nick ",24,0.262,141,37,25,23,9,2,3
"Davis, Chris ",31,0.215,456,98,65,61,26,1,3
"Smith, Kevan ",30,0.292,171,50,21,21,3,1,3
"Rickard, Joey ",27,0.244,213,52,27,23,8,4,3
"Barnhart, Tucker ",27,0.248,460,114,50,46,10,0,3
"Bote, David ",25,0.239,184,44,23,33,6,3,3
"Cordero, Franchy ",23,0.237,139,33,19,19,7,5,3
"Thompson, Trayce ",25,0.225,236,53,31,32,13,5,3
"Santana, Domingo ",23,0.256,246,63,34,32,11,2,3
"Hundley, Nick ",34,0.241,282,68,34,31,10,2,3
"Kendrick, Howie ",34,0.303,152,46,17,12,4,1,3
"Kingery, Scott ",24,0.226,452,102,55,35,8,10,3
"Mercer, Jordy ",31,0.251,394,99,43,39,6,2,3
"Spangenberg, Cory ",27,0.235,298,70,35,25,7,6,3
"Slater, Austin ",25,0.251,199,50,21,23,1,7,3
"Sandoval, Pablo ",31,0.248,230,57,22,40,9,0,3
"Pina, Manny ",31,0.252,306,77,39,28,9,2,3
"O Neill, Tyler ",23,0.254,130,33,29,23,9,2,3
"Ramos, Wilson ",29,0.260,208,54,19,35,11,0,3
"Travis, Devon ",26,0.259,185,48,22,24,5,4,3
"Giavotella, Johnny ",28,0.260,346,90,44,31,6,4,3
"Loney, James ",32,0.265,343,91,30,34,9,0,3
"Johnson, Kelly A",34,0.247,304,75,25,34,10,4,3
"Hundley, Nick ",32,0.260,289,75,30,48,10,0,3
"Hazelbaker, Jeremy ",28,0.235,200,47,35,28,12,5,3
"Cervelli, Francisco ",30,0.264,326,86,42,33,1,6,3
"Barnhart, Tucker ",25,0.257,377,97,34,51,7,1,3
"Almonte, Abraham ",27,0.264,182,48,24,22,1,8,3
"Burns, Billy ",26,0.235,311,73,39,13,0,17,3
"Vargas, Kennys ",26,0.253,241,61,33,41,11,0,3
"Butler, Billy ",30,0.284,250,71,27,35,5,0,3
"Gordon, Alex ",32,0.220,445,98,62,40,17,8,3
"Gutierrez, Franklin R",33,0.246,248,61,33,39,14,1,3
"Morrison, Logan ",28,0.238,353,84,45,43,14,4,3
"Ramirez, Alexei ",34,0.241,478,115,38,48,6,8,3
"Rickard, Joey ",25,0.268,257,69,32,19,5,4,3
"Suzuki, Kurt ",32,0.258,345,89,34,49,8,0,3
"Panik, Joe ",27,0.254,358,91,38,24,4,4,3
"Nunez, Renato ",24,0.258,236,61,28,22,8,0,2
"Lucroy, Jonathan ",32,0.241,415,100,41,51,4,0,2
"Martini, Nick ",28,0.296,152,45,26,19,1,0,2
"Marisnick, Jake ",27,0.211,213,45,34,28,10,6,2
"LaMarre, Ryan ",29,0.279,165,46,15,18,2,2,2
"Kiermaier, Kevin ",28,0.217,332,72,44,29,7,10,2
"Rivera, T.J. ",27,0.333,105,35,10,16,3,0,2
"Peterson, Jace ",28,0.200,210,42,21,28,3,13,2
"Hedges, Austin ",24,0.214,387,83,36,55,18,4,2
"Aybar, Erick ",33,0.234,333,78,37,22,7,11,2
"Alfaro, Jorge ",24,0.318,107,34,12,14,5,0,2
"Hicks, John ",27,0.266,169,45,25,21,6,2,2
"Francoeur, Jeff ",32,0.254,307,78,33,34,7,2,2
"Frazier, Adam ",24,0.301,146,44,21,11,2,4,2
"Heyward, Jason ",26,0.230,530,122,61,49,7,11,2
"Goodwin, Brian ",27,0.239,159,38,20,25,6,4,2
"Santana, Daniel ",25,0.240,233,56,29,14,2,12,2
"Choo, Shin-Soo ",33,0.242,178,43,27,17,7,6,2
"Carrera, Ezequiel ",29,0.248,270,67,47,23,6,7,2
"Swanson, Dansby ",22,0.302,129,39,20,17,3,3,2
"Weeks, Rickie ",33,0.239,180,43,29,27,9,5,2
"Wolters, Tony ",24,0.259,205,53,27,30,3,4,2
"Hechavarria, Adeiny ",29,0.247,296,73,34,31,6,2,2
"Hernandez, Teoscar ",24,0.261,88,23,16,20,8,0,2
"Fowler, Dustin ",23,0.224,192,43,19,23,6,6,2
"Santana, Domingo ",25,0.265,211,56,21,20,5,1,2
"Joseph, Caleb ",31,0.256,254,65,31,28,8,0,2
"Rickard, Joey ",26,0.241,261,63,29,19,4,8,2
"Winker, Jesse ",23,0.298,121,36,21,15,7,1,2
"Utley, Chase ",38,0.236,309,73,43,34,8,6,2
"Gomes, Yan ",29,0.232,341,79,43,56,14,0,2
"Escobar, Alcides ",31,0.231,485,112,54,34,4,8,2
"Castro, Jason ",30,0.242,356,86,49,47,10,0,2
"Tomlinson, Kelby ",27,0.258,194,50,32,11,1,9,2
"Sogard, Eric ",31,0.273,249,68,37,18,3,3,2
"Russell, Addison ",23,0.239,352,84,52,43,12,2,2
"Rivera, Rene ",33,0.252,218,55,23,35,10,0,2
"Piscotty, Stephen ",26,0.235,341,80,40,39,9,3,2
"La Stella, Tommy ",28,0.288,125,36,18,22,5,0,2
"Chapman, Matt ",24,0.234,290,68,39,40,14,0,2
"Robles, Victor ",21,0.288,59,17,8,10,3,3,2
"Bauers, Jake ",22,0.201,323,65,48,48,11,6,2
"Donaldson, Josh ",32,0.246,187,46,30,23,8,2,2
"Dozier, Hunter ",26,0.229,362,83,36,34,11,2,2
"Miller, Bradley ",28,0.248,230,57,21,29,7,0,2
"Beckham, Tim ",28,0.230,369,85,45,35,12,1,2
"Cabrera, Miguel ",35,0.299,134,40,17,22,3,0,2
"Arcia, Orlando ",23,0.236,348,82,32,30,3,7,2
"Casali, Curtis ",29,0.293,140,41,15,16,4,0,2
"Duggar, Steven ",24,0.255,141,36,20,17,2,5,2
"Dyson, Jarrod ",33,0.189,206,39,29,12,2,16,2
"Lagares, Juan ",29,0.339,59,20,9,6,0,3,2
"Rasmus, Colby ",29,0.206,369,76,38,54,15,4,1
"Vogt, Stephen ",32,0.233,279,65,25,40,12,0,1
"Romine, Andrew ",30,0.236,174,41,21,16,2,8,1
"Stubbs, Drew ",31,0.225,80,18,13,7,3,9,1
"Bourjos, Peter ",29,0.251,355,89,40,23,5,6,1
"Amarista, Alexi ",27,0.257,140,36,9,11,0,9,1
"Zobrist, Ben ",36,0.232,435,101,58,50,12,2,1
"Werth, Jayson ",38,0.226,252,57,35,29,10,4,1
"Lagares, Juan ",28,0.250,252,63,37,15,3,7,1
"Rosario, Amed ",21,0.248,165,41,16,10,4,7,1
"Parker, Jarrett ",28,0.247,166,41,14,23,4,2,1
"Nimmo, Brandon ",24,0.260,177,46,26,21,5,2,1
"Marte, Ketel ",23,0.260,223,58,30,18,5,3,1
"Hazelbaker, Jeremy ",29,0.346,52,18,10,10,2,1,1
"Eaton, Adam ",28,0.297,91,27,24,13,2,3,1
"Asuaje, Carlos ",25,0.270,307,83,28,21,4,0,1
"Ahmed, Nick ",27,0.251,167,42,24,21,6,3,1
"D Arnaud, Chase ",29,0.245,233,57,24,21,1,9,1
"Barney, Darwin ",30,0.269,279,75,35,19,4,2,1
"Gonzalez, Erik ",26,0.265,136,36,17,16,1,3,1
"Drew, Stephen ",33,0.266,143,38,24,21,8,0,1
"Adduci, James ",33,0.267,176,47,19,21,3,1,1
"Bruce, Jay ",31,0.223,319,71,31,37,9,2,1
"Jackson, Austin ",31,0.245,347,85,29,32,3,3,1
"Owings, Christopher ",26,0.206,281,58,34,22,4,11,1
"Pence, Hunter ",35,0.226,235,53,19,24,4,5,1
"Saladino, Tyler ",28,0.246,126,31,13,16,5,2,1
"Wisdom, Patrick ",26,0.260,50,13,11,10,4,2,1
"Williams, Mason ",26,0.293,123,36,10,6,2,1,1
"Wieters, Matt ",32,0.238,235,56,24,30,8,0,1
"Souza, Steven ",29,0.220,241,53,21,29,5,6,1
"Valbuena, Luis ",31,0.199,347,69,42,65,22,0,1
"Tulowitzki, Troy ",32,0.249,241,60,16,26,7,0,1
"Pennington, Cliff ",33,0.253,194,49,23,21,3,3,1
"Narvaez, Omar ",25,0.277,253,70,23,14,2,0,1
"Napoli, Mike A",35,0.193,425,82,60,66,29,1,1
"Motter, Taylor ",27,0.198,258,51,29,26,7,12,1
"Moss, Brandon ",33,0.207,362,75,41,50,22,2,1
"Moncada, Yoan ",22,0.231,199,46,31,22,8,3,1
"Hanson, Alen ",24,0.221,217,48,36,11,4,11,1
"Candelario, Jeimer ",23,0.283,127,36,18,16,3,0,1
"Gillaspie, Conor ",28,0.262,191,50,24,25,6,1,1
"Bautista, Jose A",37,0.203,325,66,52,48,13,4,1
"Castillo, Welington ",31,0.259,170,44,17,15,6,1,1
"Tomlinson, Kelby ",26,0.292,106,31,13,6,0,5,1
"Gosselin, Phil ",27,0.277,220,61,26,13,2,3,1
"Nieuwenhuis, Kirk ",28,0.209,335,70,38,44,13,8,1
"Peralta, Jhonny ",34,0.260,289,75,37,29,8,0,1
"Chisenhall, Lonnie ",29,0.321,84,27,11,9,1,1,1
"Szczur, Matthew ",26,0.259,185,48,30,24,5,2,1
"Toles, Andrew ",24,0.314,105,33,19,16,3,1,1
"Soler, Jorge ",24,0.238,227,54,37,31,12,0,1
"Tellez, Rowdy ",23,0.314,70,22,10,14,4,0,1
"Naquin, Tyler ",27,0.264,174,46,22,23,3,1,1
"Maile, Luke ",27,0.248,202,50,22,27,3,2,1
"Lowe, Brandon ",23,0.233,129,30,16,25,6,2,1
"Field, Johnny ",26,0.222,221,49,28,21,9,4,1
"Diaz, Yandy ",26,0.312,109,34,15,15,1,0,1
"Ervin, Phillip ",24,0.259,58,15,8,10,3,4,0
"Garcia, Adonis ",32,0.237,173,41,19,19,5,4,0
"Green, Grant ",29,0.000,3,0,0,0,0,0,0
"Hundley, Nick ",33,0.244,287,70,27,35,9,0,0
"Johnson, Micah ",26,0.200,10,2,2,0,0,1,0
"Berry, Quintin ",32,0.000,3,0,0,0,0,2,0
"Cervelli, Francisco ",31,0.249,265,66,31,31,5,0,0
"Dickson, O Koyea ",27,0.143,7,1,0,0,0,0,0
"Gale, Rocky ",29,0.100,10,1,1,2,1,0,0
"Slater, Austin ",24,0.282,117,33,15,16,3,0,0
"Young, Chris B",33,0.235,243,57,30,25,7,3,0
"Ellis, A.J. ",37,0.272,151,41,19,15,1,0,0
"Franklin, Nick ",27,0.000,2,0,0,0,0,0,0
"Freeman, Michael ",30,#DIV/0!,0,0,0,0,0,0,0
"Gale, Rocky ",30,0.000,2,0,0,0,0,0,0
"Garcia, Aramis ",25,0.286,63,18,8,9,4,0,0
"Gonzalez, Adrian ",36,0.237,169,40,15,26,6,0,0
"Gore, Terrance ",27,0.200,5,1,5,0,0,6,0
"Iannetta, Chris ",35,0.224,299,67,36,36,11,0,0
"Jones, Ryder ",24,0.375,8,3,2,3,2,0,0
"Kaczmarski, Kevin ",26,0.000,4,0,0,0,0,0,0
"Kang, Jung-ho ",31,0.333,6,2,0,0,0,0,0
"Kratz, Erik ",38,0.236,203,48,18,23,6,1,0
"La Stella, Tommy ",29,0.266,169,45,23,19,1,0,0
"Lamb, Jacob ",27,0.222,207,46,34,31,6,1,0
"Mesoraco, Devin ",30,0.221,244,54,24,33,11,0,0
"Navarro Jr, Efren ",32,0.167,6,1,0,0,0,0,0
"O Brien, Peter ",27,0.273,66,18,8,10,4,0,0
"Reed, Michael ",25,0.286,7,2,1,0,0,0,0
"Reyes, Pablo ",24,0.293,58,17,9,7,3,0,0
"Riddle, J.T. ",26,0.231,308,71,28,36,9,0,0
"Flowers, Tyler ",32,0.227,251,57,34,30,8,0,0
"Duvall, Adam ",29,0.195,384,75,48,61,15,2,0
"Pham, Thomas ",28,0.226,159,36,26,17,9,2,0
"Davis, Taylor ",28,0.400,5,2,0,2,0,0,0
"Pena, Ramiro ",30,0.299,87,26,9,10,1,0,0
"Paredes, Jimmy ",27,0.222,158,35,15,19,5,0,0
"Morse, Michael J",34,0.000,8,0,0,0,0,0,0
"Lopez, Rafael ",28,0.000,7,0,0,0,0,0,0
"Kawasaki, Munenori ",35,0.333,21,7,3,1,0,2,0
"Kalish, Ryan ",28,0.286,7,2,1,2,0,0,0
"Johnson, Micah ",25,0.167,6,1,1,0,0,0,0
"Jensen, Kyle ",28,0.194,31,6,5,7,2,0,0
"Howard, Ryan J",36,0.196,331,65,35,59,25,0,0
"Gillespie, Cole ",32,0.235,51,12,7,5,0,0,0
"Garcia, Greg ",26,0.276,214,59,33,17,3,1,0
"Diaz, Elias ",25,0.000,4,0,0,1,0,0,0
"De Jesus, Ivan ",29,0.253,221,56,21,20,1,3,0
"Cecchini, Gavin ",22,0.333,6,2,2,2,0,0,0
"Butera, Drew ",32,0.285,123,35,18,16,4,0,0
"Aquino, Aristides ",24,0.000,1,0,0,0,0,0,0
"Baron, Steven ",27,0.200,5,1,0,0,0,0,0
"Bautista, Rafael ",25,0.000,6,0,1,0,0,0,0
"Broxton, Keon ",28,0.179,78,14,15,11,4,5,0
"Seager, Corey ",24,0.267,101,27,13,13,2,0,0
"Sosa, Edmundo ",22,0.000,2,0,1,0,0,0,0
"Tucker, Preston ",27,0.229,166,38,19,27,6,0,0
"Williams, Justin ",22,0.000,1,0,0,0,0,0,0
"Machado, Dixon ",24,0.100,10,1,1,0,0,0,0
"Lowrie, Jed ",32,0.263,338,89,30,27,2,0,0
"Lee, Dae-ho ",34,0.253,292,74,33,49,14,0,0
"LaMarre, Ryan ",27,0.000,5,0,1,0,0,0,0
"Hicks, John ",26,0.500,2,1,1,0,0,0,0
"Gose, Anthony ",25,0.209,91,19,11,7,2,0,0
"Gore, Terrance ",25,0.000,3,0,6,0,0,11,0
"Duffy, Matthew ",27,0.000,3,0,0,0,0,0,0
"Davidson, Matthew ",25,0.500,2,1,1,1,0,0,0
"Cruz, Tony ",29,0.000,4,0,0,1,0,0,0
"Castillo, Rusney ",28,0.250,8,2,4,0,0,0,0
"Byrd, Marlon ",38,0.270,115,31,11,19,5,0,0
"Butera, Drew ",32,0.285,123,35,18,16,4,0,0
"Burns, Andrew ",25,0.000,6,0,2,0,0,0,0
"Benintendi, Andrew ",21,0.295,105,31,16,14,2,1,0
"Beckham, Tim ",26,0.247,198,49,25,16,5,2,0
"Bandy, Jett ",26,0.234,209,49,23,25,8,1,0
"Alvarez, Dariel ",27,0.333,3,1,0,0,0,0,0
"Aguilar, Jesus ",26,0.000,6,0,0,0,0,0,0
"Mastroianni, Darin ",30,0.000,9,0,1,0,0,1,0
"McCann, James ",26,0.221,344,76,31,48,12,0,0
"McGehee, Casey ",33,0.228,92,21,4,1,0,0,0
"Sandoval, Pablo ",29,0.000,6,0,0,0,0,0,0
"Wright, David A",35,0.000,2,0,0,0,0,0,0
"Zagunis, Mark ",25,0.400,5,2,0,1,0,0,0
"Zunino, Mike ",25,0.207,164,34,16,31,12,0,0
"Young Jr., Eric O",31,0.000,1,0,2,0,0,1,0
"Worth, Danny ",30,0.179,39,7,4,1,0,0,0
"Walters, Zachary ",26,0.000,5,0,0,0,0,0,0
"Tilson, Charlie ",23,0.500,2,1,0,0,0,0,0
"Smoak, Justin ",29,0.217,299,65,33,34,14,1,0
"Romine, Austin ",27,0.242,165,40,17,26,4,1,0
"Miller, Michael ",26,0.000,1,0,0,0,0,0,0
"Romero, Stefen ",27,0.235,17,4,1,3,0,0,0
"Pompey, Dalton ",23,0.000,2,0,3,0,0,2,0
"Parmelee, Chris ",28,0.500,8,4,4,4,2,0,0
"Ortega, Rafael ",25,0.232,185,43,24,16,1,8,0
"Moya, Steven ",24,0.255,94,24,9,11,5,0,0
"Morse, Michael J",34,0.000,8,0,0,0,0,0,0
"Morneau, Justin ",35,0.261,203,53,16,25,6,0,0
"Moore, Adam ",32,0.000,5,0,0,0,0,0,0
"White, Tyler ",26,0.279,61,17,7,10,3,0,0
"Perez, Yefri ",25,0.667,3,2,5,0,0,4,0
"Renfroe, Hunter ",24,0.371,35,13,8,14,4,0,0
"Den Dekker, Matthew ",29,0.143,7,1,1,0,0,0,0
"Ceciliani, Darrell ",27,0.400,5,2,2,3,1,0,0
"Casali, Curtis ",28,0.333,9,3,2,3,1,0,0
"Burns, Billy ",27,0.167,6,1,1,0,0,0,0
"Brugman, Jaycob ",25,0.266,143,38,12,12,3,1,0
"Beltran, Carlos ",40,0.231,467,108,60,51,14,0,0
"Bautista, Jose A",36,0.203,587,119,92,65,23,6,0
"Barney, Darwin ",31,0.232,336,78,34,25,6,7,0
"Andujar, Miguel ",22,0.571,7,4,0,4,0,1,0
"Alford, Anthony ",22,0.125,8,1,0,0,0,0,0
"Butler, Daniel ",31,0.167,6,1,0,1,0,0,0
"Castro, Harold ",24,0.300,10,3,2,0,0,1,0
"Fernandez, Jose  Miguel ",30,0.267,116,31,9,11,2,1,0
"Garneau, Dustin ",30,0.500,2,1,0,1,0,0,0
"Gonzalez, Alfredo ",25,0.111,9,1,0,1,0,0,0
"Graterol, Juan ",29,0.250,8,2,2,0,0,0,0
"Johnson, Sherman ",27,0.000,10,0,0,0,0,0,0
"Mahtook, Mikie ",28,0.202,223,45,24,29,9,4,0
"Maldonado, Martin ",31,0.225,373,84,39,44,9,0,0
"Revere, Ben ",28,0.217,350,76,44,24,2,14,0
"Cowart, Kaleb ",25,0.225,102,23,18,11,3,4,0
"Diaz, Yandy ",25,0.263,156,41,25,13,0,2,0
"Reed, A.J. ",25,0.000,3,0,0,0,0,0,0
"Flores, Ramon ",25,0.125,8,1,0,1,0,0,0
"Washington, David ",26,0.000,6,0,0,0,0,0,0
"Swihart, Blake ",25,0.200,5,1,1,0,0,0,0
"Selsky, Steve ",27,0.111,9,1,0,0,0,0,0
"Romine, Andrew ",31,0.232,314,73,45,25,4,6,0
"Reed, A.J. ",24,0.000,6,0,0,0,0,0,0
"Powell, Boog ",24,0.282,117,33,24,12,3,0,0
"Pena, Francisco ",27,0.500,10,5,3,2,2,0,0
"Parmley, Ian ",27,0.000,3,0,0,0,0,0,0
"Martin, Russell N",34,0.221,307,68,49,35,13,1,0
"Marrero, Chris ",29,0.132,38,5,2,5,1,0,0
"Marjama, Mike ",27,0.333,9,3,1,1,1,0,0
"Lombardozzi, Steve ",28,0.000,8,0,0,0,0,0,0
"LaMarre, Ryan ",28,0.000,7,0,0,0,0,0,0
"Kratz, Erik ",37,1.000,2,2,0,2,0,0,0
"Heredia, Guillermo ",26,0.249,386,96,43,24,6,1,0
"Gore, Terrance ",26,0.000,4,0,2,0,0,2,0
"Giavotella, Johnny ",29,0.100,10,1,0,0,0,1,0
"Gentry, Craig ",33,0.257,101,26,17,11,2,5,0
"Fowler, Dustin ",22,#DIV/0!,0,0,0,0,0,0,0
"Pompey, Dalton ",25,0.200,10,2,0,0,0,0,0
"McKinney, Billy ",23,0.252,119,30,14,13,6,1,0
"Reyes, Victor ",23,0.222,212,47,35,12,1,9,0
"Rondon, Jose ",24,0.230,100,23,15,14,6,2,0
"Pederson, Joc ",25,0.212,273,58,44,35,11,4,0
"Recker, Anthony ",33,0.143,7,1,1,0,0,0,0
"Reinheimer, Jack ",24,0.000,5,0,0,0,0,0,0
"Rivera, Yadiel ",25,0.000,2,0,0,0,0,0,0
"Suzuki, Ichiro ",43,0.255,196,50,19,20,3,1,0
"Toles, Andrew ",25,0.271,96,26,17,15,5,0,0
"Tomas, Yasmany ",26,0.241,166,40,19,32,8,0,0
"Valera, Breyvic ",24,0.100,10,1,0,0,0,0,0
"Vincej, Zach ",26,0.111,9,1,2,0,0,0,0
"Locastro, Tim ",24,0.000,1,0,0,0,0,1,0
"Ynoa, Rafael ",28,0.000,5,0,0,0,0,0,0
"Wong, Kolten ",25,0.240,313,75,39,23,5,7,0
"Walters, Zachary ",26,0.000,5,0,0,0,0,0,0
"Scruggs, Xavier ",28,0.210,62,13,1,5,1,0,0
"Schwarber, Kyle ",23,0.000,4,0,0,0,0,0,0
"Sardinas, Luis ",23,0.244,180,44,25,18,4,4,0
"Ruiz, Rio ",22,0.286,7,2,1,2,0,1,0
"Ruiz, Carlos ",37,0.264,201,53,21,15,3,3,0
"Ruf, Darin ",29,0.205,83,17,8,9,3,0,0
"Ross, David ",39,0.229,166,38,24,32,10,0,0
"Rogers, Jason ",28,0.080,25,2,2,2,0,0,0
"Nido, Tomas ",23,0.300,10,3,0,3,0,0,0
"Murphy, John Ryan",26,0.143,7,1,0,1,0,0,0
"Marrero, Chris ",29,0.132,38,5,2,5,1,0,0
"Swihart, Blake ",26,0.229,192,44,28,18,3,6,0
"Saltalamacchia, Jarrod ",33,0.000,7,0,0,0,0,0,0
"Sanchez, Gary ",25,0.186,323,60,51,53,18,1,0
"Schimpf, Ryan ",30,0.200,5,1,2,2,1,0,0
"Snyder, Brandon R",31,0.167,6,1,0,0,0,0,0
"Stassi, Max ",27,0.226,221,50,28,27,8,0,0
"Straw, Myles ",23,0.333,9,3,4,1,1,2,0
"Lombardozzi, Steve ",28,0.000,8,0,0,0,0,0,0
"Sweeney, Darnell ",27,0.000,2,0,0,0,0,0,0
"Taylor, Beau ",28,0.200,5,1,0,0,0,0,0
"Trevino, Jose ",25,0.250,8,2,0,3,0,0,0
"Urena, Richard ",22,0.293,99,29,10,6,1,2,0
"Velazquez, Andrew ",23,0.300,10,3,3,0,0,1,0
"Vielma, Engelb ",24,0.143,7,1,1,0,0,0,0
"Vincej, Zach ",27,0.500,4,2,0,1,0,0,0
"Walker, Neil ",32,0.219,347,76,48,46,11,0,0
"Zunino, Mike ",27,0.201,373,75,37,44,20,0,0
"LaMarre, Ryan ",28,0.000,7,0,0,0,0,0,0
"Swanson, Dansby ",23,0.232,488,113,59,51,6,3,-1
"Villanueva, Christian ",26,0.344,32,11,5,7,4,0,-1
"Voit, Luke ",26,0.246,114,28,18,18,4,0,-1
"Wieters, Matt ",31,0.225,422,95,43,52,10,1,-1
"Marte, Jefry ",27,0.216,194,42,28,22,7,1,-1
"Arcia, Francisco ",28,0.204,103,21,10,23,6,1,-1
"Barreto, Franklin ",22,0.233,73,17,10,16,5,0,-1
"Rivera, Rene ",34,0.233,86,20,8,11,4,0,-1
"Prado, Martin M",34,0.244,197,48,16,18,1,1,-1
"Ortega, Rafael ",27,0.233,133,31,10,7,0,5,-1
"McMahon, Ryan ",23,0.232,181,42,17,19,5,1,-1
"Holliday, Matt T",38,0.283,53,15,3,3,2,0,-1
"Hampson, Garrett ",23,0.275,40,11,3,4,0,2,-1
"Garcia, Greg ",28,0.221,181,40,15,15,3,3,-1
"Flaherty, Ryan ",31,0.217,161,35,17,13,2,4,-1
"Dean, Austin ",24,0.221,113,25,16,14,4,1,-1
"D Arnaud, Chase ",31,0.215,93,20,9,9,3,2,-1
"Blanco, Gregor ",34,0.217,189,41,19,12,2,6,-1
"Adams, Lane ",28,0.240,25,6,10,6,2,1,-1
"Zimmer, Bradley ",25,0.226,106,24,14,9,2,4,-1
"Wynns, Austin ",27,0.255,110,28,16,11,4,0,-1
"Valbuena, Luis ",32,0.199,266,53,23,33,9,3,-1
"Torreyes, Ronald ",25,0.280,100,28,9,7,0,0,-1
"Tilson, Charlie ",25,0.264,106,28,7,11,0,2,-1
"Stewart, D.J. ",24,0.250,40,10,8,10,3,2,-1
"Sano, Miguel ",25,0.199,266,53,32,41,13,0,-1
"Rodriguez, Ronny ",26,0.220,191,42,17,20,5,2,-1
"Perez, Michael ",25,0.284,74,21,9,11,1,0,-1
"Mullins II, Cedric ",23,0.235,170,40,23,11,4,2,-1
"Santana, Daniel ",26,0.202,168,34,19,23,4,7,-1
"Heredia, Guillermo ",27,0.236,292,69,29,19,5,2,-1
"Forsythe, Logan ",31,0.232,371,86,37,27,2,3,-1
"Sierra, Magneuris ",21,0.317,60,19,10,5,0,2,-1
"Stevenson, Andrew ",24,0.253,75,19,9,13,1,1,-1
"Sanchez, Hector ",27,0.219,137,30,14,25,8,0,-1
"Hernandez, Enrique ",25,0.215,297,64,46,37,11,3,-1
"Moore, Tyler ",30,0.230,187,43,17,30,6,0,-1
"Osuna, Jose ",24,0.233,215,50,31,30,7,0,-1
"Zimmerman, Ryan W",31,0.218,427,93,60,46,15,4,-1
"Wright, David A",33,0.226,137,31,18,14,7,3,-1
"Selsky, Steve ",26,0.314,51,16,9,7,2,1,-1
"Recker, Anthony ",32,0.278,90,25,6,15,2,1,-1
"Quinn, Roman ",23,0.263,57,15,10,6,0,5,-1
"Pollock, A.J. ",28,0.244,41,10,9,4,2,4,-1
"Peralta, David ",28,0.251,171,43,23,15,4,2,-1
"Murphy, Tom ",25,0.273,44,12,8,13,5,1,-1
"La Stella, Tommy ",27,0.270,148,40,17,11,2,0,-1
"Difo, Wilmer ",24,0.276,58,16,14,7,1,3,-1
"Conforto, Michael ",23,0.220,304,67,38,42,12,2,-1
"Blanco, Andres ",32,0.253,190,48,26,21,4,2,-1
"Bell, Josh E",23,0.273,128,35,18,19,3,0,-1
"Knapp, Andrew ",25,0.257,171,44,26,13,3,1,-1
"Hanigan, Ryan ",36,0.267,101,27,9,12,2,0,-1
"Almora, Albert ",22,0.277,112,31,14,14,3,0,-1
"Garcia, Greg ",27,0.253,241,61,27,20,2,2,-1
"Granite, Zach ",24,0.237,93,22,14,13,1,2,-1
"Guyer, Brandon ",31,0.236,165,39,23,20,2,2,-1
"Leon, Sandy ",28,0.225,271,61,32,39,7,0,-1
"Marrero, Deven ",26,0.211,171,36,32,27,4,5,-1
"Peterson, Shane ",29,0.253,79,20,9,11,2,2,-1
"Robinson, Drew ",25,0.224,107,24,11,13,6,0,-1
"Sisco, Chance ",22,0.333,18,6,3,4,2,0,-1
"Smith, Dwight ",24,0.370,27,10,2,1,0,1,-1
"Fisher, Derek ",23,0.212,146,31,21,17,5,3,-1
"Davis, J.D. ",24,0.226,62,14,8,7,4,1,-1
"Bourjos, Peter ",30,0.223,188,42,27,15,5,5,-1
"Rupp, Cameron ",28,0.217,295,64,35,34,14,1,-1
"Florimon Jr., Pedro A",30,0.348,46,16,6,6,0,0,-1
"Frazier, Clint ",22,0.231,134,31,16,17,4,1,-1
"Fuentes, Reymond ",26,0.235,136,32,19,9,3,4,-1
"Arcia, Orlando ",21,0.219,201,44,21,17,4,8,-1
"Forsythe, Logan ",30,0.224,361,81,56,36,6,3,-1
"Gonzalez, Erik ",25,0.255,110,28,18,11,4,1,-1
"Centeno, Juan ",26,0.261,176,46,16,25,3,0,-1
"Wilson, Bobby L",33,0.237,228,54,25,33,7,0,-1
"Wendle, Joe ",26,0.260,96,25,11,11,1,2,-1
"Vargas, Kennys ",25,0.230,152,35,27,20,10,0,-1
"Sucre, Jesus ",28,0.480,25,12,4,5,1,0,-1
"Smolinski, Jacob ",27,0.238,290,69,28,27,7,1,-1
"Profar, Jurickson ",23,0.239,272,65,35,20,5,2,-1
"Maxwell III, Bruce ",25,0.283,92,26,8,14,1,0,-1
"Marisnick, Jake ",25,0.209,287,60,40,21,5,10,-1
"Gurriel, Yulieski ",32,0.262,130,34,13,15,3,1,-1
"Chirinos, Robinson ",32,0.224,147,33,21,20,9,0,-1
"Deshields Jr., Delino ",23,0.209,182,38,36,13,4,8,-1
"Aybar, Erick ",32,0.243,415,101,34,34,3,3,-1
"Rosales, Adam M",34,0.225,289,65,25,36,7,1,-1
"Riddle, J.T. ",25,0.250,228,57,20,31,3,0,-1
"Plawecki, Kevin  ",26,0.260,100,26,11,13,3,1,-1
"Austin, Tyler ",24,0.241,83,20,7,12,5,1,-1
"Delmonico, Nick ",25,0.215,284,61,31,25,8,1,-2
"Berti, Jon ",28,0.267,15,4,2,2,0,1,-2
"Bird, Gregory ",25,0.199,272,54,23,38,11,0,-2
"Briceno, Jose ",35,0.239,117,28,12,10,5,0,-2
"Guyer, Brandon ",32,0.206,194,40,25,27,7,1,-2
"McCann, James ",28,0.220,427,94,31,39,8,0,-2
"McCann, Brian ",34,0.212,189,40,22,23,7,0,-2
"Jansen, Danny ",23,0.247,81,20,12,8,3,0,-2
"Herrmann, Chris ",30,0.237,76,18,6,7,2,0,-2
"Herrera, Rosell ",25,0.234,278,65,25,20,1,3,-2
"Petit, Gregorio ",33,0.246,61,15,7,3,0,3,-2
"McGuire, Reese ",23,0.290,31,9,5,4,2,1,-2
"Young Jr., Eric O",33,0.202,109,22,12,8,1,5,-2
"Barnes, Austin ",28,0.205,200,41,32,14,4,4,-2
"Murphy, Tom ",27,0.226,93,21,5,11,2,0,-2
"Cuevas, Noel ",26,0.233,146,34,16,10,2,1,-2
"D Arnaud, Travis ",29,0.200,15,3,1,3,1,0,-2
"Farmer, Kyle ",27,0.235,68,16,1,9,0,0,-2
"Florimon Jr., Pedro A",31,0.225,71,16,13,5,2,1,-2
"Galloway, Isaac ",28,0.203,64,13,7,7,3,1,-2
"Kieboom, Spencer ",27,0.232,125,29,16,13,2,0,-2
"Locastro, Tim ",25,0.182,11,2,6,0,0,4,-2
"Murphy, John Ryan",27,0.202,208,42,19,24,9,0,-2
"Osuna, Jose ",25,0.226,106,24,14,11,3,0,-2
"Rua, Ryan ",28,0.194,139,27,17,12,6,3,-2
"Plawecki, Kevin  ",27,0.210,238,50,33,30,7,0,-2
"Plouffe, Trevor ",32,0.250,12,3,1,3,1,0,-2
"Sanchez, Adrian ",27,0.276,58,16,8,3,0,0,-2
"Smith, Dominic ",23,0.224,143,32,14,11,5,0,-2
"Szczur, Matthew ",28,0.187,75,14,11,6,1,3,-2
"Kivlehan, Patrick ",27,0.208,178,37,23,26,9,1,-2
"Stewart, Christin ",24,0.267,60,16,7,10,2,0,-2
"Smith, Dwight ",25,0.262,65,17,9,8,2,0,-2
"Alvarez, Pedro ",31,0.180,111,20,18,18,8,0,-2
"Torres, Ramon ",24,0.243,74,18,9,4,0,1,-2
"Jaso, John ",33,0.211,256,54,28,35,10,1,-2
"Gimenez, Chris P",34,0.220,186,41,28,16,7,1,-2
"Cuthbert, Cheslor ",24,0.231,143,33,10,18,2,0,-2
"Cooper, Garrett ",26,0.326,43,14,3,6,0,0,-2
"Choi, Ji-Man ",26,0.267,15,4,2,5,2,0,-2
"Carter, Chris ",30,0.201,184,37,20,26,8,0,-2
"Calhoun, Willie ",22,0.265,34,9,3,4,1,0,-2
"Brantly, Rob ",27,0.290,31,9,4,5,2,0,-2
"Bird, Gregory ",24,0.190,147,28,20,28,9,0,-2
"Austin, Tyler ",25,0.225,40,9,4,8,2,0,-2
"Alvarez, Pedro ",30,0.313,32,10,4,4,1,0,-2
"Almonte, Abraham ",28,0.233,172,40,26,14,3,2,-2
"Allen, Greg ",24,0.229,35,8,7,6,1,1,-2
"Adduci, James ",32,0.241,83,20,14,10,1,1,-2
"D Arnaud, Chase ",30,0.190,58,11,12,3,1,5,-2
"Coleman, Dusty ",30,0.227,66,15,6,9,4,1,-2
"Bostick, Christopher ",24,0.296,27,8,6,1,0,0,-2
"Bader, Harrison ",23,0.235,85,20,10,10,3,2,-2
"Amarista, Alexi ",28,0.238,168,40,22,19,3,1,-2
"Gallagher, Cameron ",24,0.250,24,6,2,5,1,0,-2
"Gordon, Alex ",33,0.208,476,99,52,45,9,7,-2
"Gonzalez, Adrian ",35,0.242,231,56,14,30,3,0,-2
"Hernandez, Marco ",24,0.276,58,16,7,2,0,0,-2
"Drew, Stephen ",34,0.253,95,24,9,17,1,0,-2
"Wendle, Joe ",27,0.308,13,4,3,5,1,0,-2
"Travis, Sam ",23,0.263,76,20,13,1,0,1,-2
"Moustakas, Mike ",27,0.240,104,25,12,13,7,0,-2
"Santander, Anthony ",22,0.267,30,8,1,2,0,0,-2
"Rua, Ryan ",27,0.217,129,28,17,12,3,2,-2
"Perez, Roberto ",28,0.207,217,45,22,38,8,0,-2
"Mondesi, Raul A",21,0.170,53,9,4,3,1,5,-2
"Miller, Bradley ",27,0.201,338,68,43,40,9,5,-2
"Maxwell III, Bruce ",26,0.237,219,52,21,22,3,0,-2
"Maldonado, Martin ",30,0.221,429,95,43,38,14,0,-2
"Machado, Dixon ",25,0.259,166,43,17,11,1,1,-2
"Lopez, Rafael ",29,0.222,54,12,9,12,4,0,-2
"Liriano, Rymer ",26,0.220,41,9,4,6,1,1,-2
"Lin, Tzu-Wei ",23,0.268,56,15,7,2,0,1,-2
"Lavarnway, Ryan ",29,0.273,11,3,0,2,0,0,-2
"Hoying, Jared ",28,0.222,72,16,13,7,1,3,-2
"Crawford, J.P. ",23,0.214,117,25,17,12,3,2,-2
"Mondesi, Raul A",20,0.185,135,25,16,13,2,9,-2
"Caratini, Victor ",24,0.232,181,42,21,21,2,0,-2
"Vargas, Ildemaro ",26,0.211,19,4,2,4,1,1,-2
"Williamson, Mac ",27,0.213,94,20,14,11,4,1,-2
"Mancini, Trey ",24,0.357,14,5,3,5,3,0,-2
"Jackson, Austin ",29,0.254,181,46,24,18,0,2,-2
"Hicks, Aaron ",26,0.217,327,71,32,31,8,3,-2
"Hernandez, Marco ",23,0.294,51,15,11,5,1,1,-2
"Heredia, Guillermo ",25,0.250,92,23,12,12,1,1,-2
"Escobar, Eduardo ",27,0.236,352,83,32,37,6,1,-2
"Castro, Jason ",29,0.210,329,69,41,32,11,2,-2
"Bethancourt, Christian ",24,0.228,193,44,20,25,6,1,-2
"Cabrera, Ramon ",26,0.246,171,42,11,23,3,1,-2
"Culberson, Charlie ",27,0.299,67,20,6,7,1,1,-2
"Duda, Lucas ",30,0.229,153,35,20,23,7,0,-2
"Haniger, Mitch ",25,0.229,109,25,9,17,5,0,-2
"Iribarren, Hernan ",32,0.311,45,14,6,2,0,1,-2
"Lagares, Juan ",27,0.239,142,34,15,9,3,4,-2
"Parker, Jarrett ",27,0.236,127,30,22,14,5,0,-2
"Robinson, Clint ",31,0.235,196,46,16,26,5,0,-2
"Ruggiano, Justin ",34,0.333,24,8,4,7,2,0,-2
"Sanchez, Hector ",26,0.265,49,13,3,8,3,0,-2
"Severino, Pedro ",22,0.321,28,9,6,4,2,0,-2
"Snyder, Brandon R",29,0.239,46,11,8,9,4,0,-2
"Verdugo, Alex ",22,0.260,77,20,11,4,1,0,-2
"Tapia, Raimel ",22,0.263,38,10,4,3,0,3,-2
"Utley, Chase ",39,0.213,164,35,18,14,1,3,-2
"Tapia, Raimel ",24,0.200,25,5,6,6,1,0,-2
"Torreyes, Ronald ",23,0.258,155,40,20,12,1,2,-2
"Urias, Luis ",21,0.208,48,10,5,5,2,1,-2
"Soto, Geovany ",33,0.269,78,21,11,9,4,0,-2
"Phegley, Joshua ",28,0.256,78,20,11,10,1,0,-2
"Petit, Gregorio ",31,0.245,204,50,21,17,2,1,-2
"O Malley, Shawn ",28,0.229,210,48,24,17,2,6,-2
"Martin, Leonys ",29,0.172,128,22,14,9,3,7,-2
"Sanchez, Adrian ",26,0.268,71,19,6,11,0,0,-2
"Sandoval, Pablo ",30,0.220,259,57,27,32,9,0,-2
"Toles, Andrew ",26,0.233,30,7,5,4,0,1,-2
"Narvaez, Omar ",24,0.267,101,27,13,10,1,0,-2
"White, Tyler ",25,0.217,249,54,24,28,8,1,-2
"Alcantara, Arismendy ",24,0.211,19,4,2,2,0,3,-3
"Santana, Daniel ",27,0.179,28,5,4,2,0,1,-3
"Shaw, Chris ",24,0.185,54,10,2,7,1,1,-3
"Stallings, Jacob ",28,0.216,37,8,2,5,0,0,-3
"Stewart, Chris D",36,0.200,15,3,3,3,0,0,-3
"Telis, Tomas ",27,0.207,29,6,2,1,0,0,-3
"Trahan, Blake ",24,0.214,14,3,2,0,0,0,-3
"Walker, Christian ",27,0.163,49,8,6,6,3,1,-3
"Wallach, Chad ",26,0.178,45,8,4,5,1,0,-3
"Collins, Tyler ",26,0.235,136,32,14,15,4,1,-3
"Brantley, Michael C",29,0.231,39,9,5,7,0,1,-3
"Brentz, Bryce ",27,0.279,61,17,8,7,1,0,-3
"Fuentes, Reymond ",25,0.317,41,13,2,5,0,0,-3
"Garcia, Leury ",25,0.229,48,11,6,5,1,2,-3
"Graterol, Juan ",27,0.286,14,4,2,3,0,0,-3
"Hernandez, Teoscar ",23,0.230,100,23,15,11,4,0,-3
"Swihart, Blake ",24,0.258,62,16,9,5,0,0,-3
"Shaffer, Richie ",25,0.250,48,12,5,4,1,0,-3
"Rutledge, Josh ",27,0.265,49,13,9,3,0,2,-3
"Adrianza, Ehire ",26,0.254,63,16,3,7,2,0,-3
"Rodriguez, Alex ",40,0.200,225,45,19,31,9,3,-3
"Refsnyder, Rob ",25,0.250,152,38,25,12,0,2,-3
"Park, Byung Ho ",29,0.191,215,41,28,24,12,1,-3
"Nicholas, Brett ",27,0.275,40,11,5,4,2,0,-3
"Maile, Luke ",25,0.227,119,27,10,15,3,0,-3
"Rollins, Jimmy ",37,0.221,149,33,25,8,2,5,-3
"Raburn, Ryan ",35,0.220,223,49,30,30,9,0,-3
"Altherr, Aaron ",25,0.197,198,39,23,22,4,7,-3
"Nimmo, Brandon ",23,0.274,73,20,12,6,1,0,-3
"Phegley, Joshua ",30,0.204,93,19,13,15,2,0,-3
"Skole, Matt ",28,0.273,11,3,2,1,1,0,-3
"Travis, Sam ",24,0.222,36,8,5,7,1,0,-3
"Valera, Breyvic ",25,0.234,64,15,8,8,0,1,-3
"Viloria, Meibrys ",21,0.259,27,7,4,4,0,0,-3
"Vogelbach, Daniel ",25,0.207,87,18,9,13,4,0,-3
"Young, Chris B",34,0.168,113,19,17,13,6,2,-3
"Margot, Manuel ",21,0.243,37,9,4,3,0,2,-3
"Martinez, Jose ",27,0.438,16,7,4,1,0,0,-3
"Mathis, Jeff ",33,0.238,126,30,12,15,2,0,-3
"Montero, Miguel A",32,0.216,241,52,33,33,8,1,-3
"Patterson, Jordan ",24,0.444,18,8,1,2,0,0,-3
"Beckham, Gordon ",29,0.212,245,52,25,31,5,1,-3
"Pina, Manny ",29,0.254,71,18,4,12,2,0,-3
"Williamson, Mac ",25,0.223,112,25,14,15,6,0,-3
"Telis, Tomas ",25,0.308,13,4,1,4,1,0,-3
"Susac, Andrew ",26,0.235,17,4,3,2,1,0,-3
"Stallings, Jacob ",26,0.400,15,6,0,2,0,1,-3
"Spangenberg, Cory ",25,0.229,48,11,6,8,1,1,-3
"Segedin, Robert ",27,0.233,73,17,9,12,2,0,-3
"Rollins, Jimmy ",37,0.221,149,33,25,8,2,5,-3
"Rojas, Miguel ",27,0.247,194,48,27,14,1,2,-3
"Rodriguez, Alex ",40,0.200,225,45,19,31,9,3,-3
"Rivera, Rene ",32,0.222,185,41,12,26,6,0,-3
"Negron, Kristopher ",32,0.219,32,7,6,4,1,2,-3
"Morrison, Logan ",30,0.186,318,59,41,39,15,1,-3
"Lin, Tzu-Wei ",24,0.246,65,16,15,6,1,0,-3
"Gimenez, Chris P",35,0.211,57,12,7,7,2,1,-3
"Blanco, Gregor ",32,0.224,241,54,28,18,1,6,-3
"Brown, Trevor ",24,0.237,173,41,17,19,5,0,-3
"Reynolds, Matt ",25,0.225,89,20,11,13,3,0,-3
"Fryer, Eric ",30,0.267,116,31,19,13,0,0,-3
"Fuentes, Reymond ",25,0.317,41,13,2,5,0,0,-3
"Garneau, Dustin ",28,0.235,68,16,7,6,1,0,-3
"Goodwin, Brian ",25,0.286,42,12,1,5,0,0,-3
"Green, Grant ",28,0.261,46,12,7,7,1,0,-3
"Hechavarria, Adeiny ",27,0.236,508,120,52,38,3,1,-3
"Heisey, Chris ",31,0.216,139,30,18,17,9,0,-3
"Hernandez, Gorkys ",28,0.259,54,14,7,4,2,0,-3
"Holt, Tyler ",27,0.235,179,42,21,13,0,4,-3
"Hood, Destin ",26,0.240,25,6,3,2,1,0,-3
"Lough, David ",30,0.239,67,16,6,4,0,1,-3
"Andreoli, John ",28,0.230,61,14,4,4,0,2,-3
"Arroyo, Christian ",23,0.264,53,14,5,6,1,0,-3
"Barnes, Brandon ",32,0.263,19,5,2,2,1,0,-3
"Bonifacio, Jorge ",25,0.225,236,53,31,23,4,0,-3
"Calhoun, Willie ",23,0.222,99,22,8,11,2,0,-3
"Cozart, Zack ",32,0.219,224,49,29,18,5,0,-3
"Cruz, Tony ",31,0.154,26,4,2,2,1,0,-3
"Davis, Jonathan ",26,0.200,25,5,3,0,0,3,-3
"Fisher, Derek ",24,0.165,79,13,13,11,4,2,-3
"D Arnaud, Travis ",27,0.247,251,62,27,15,4,0,-3
"Urena, Richard ",21,0.206,68,14,6,4,1,1,-3
"Barreto, Franklin ",21,0.197,71,14,10,6,2,2,-3
"Guillorme, Luis ",23,0.209,67,14,4,5,0,1,-3
"Mejia, Francisco  ",22,0.179,56,10,6,8,3,0,-3
"Beckham, Gordon ",30,0.176,17,3,2,0,0,1,-3
"Lopez, Rafael ",30,0.176,102,18,11,13,3,1,-3
"Lee, Braxton ",24,0.176,17,3,0,2,0,0,-3
"Kivlehan, Patrick ",28,0.231,13,3,3,0,0,0,-3
"Herrera, Dilson ",24,0.184,87,16,11,11,5,0,-3
"Guerrero, Gabriel ",24,0.167,18,3,1,1,1,0,-3
"Orf, Nate ",28,0.095,21,2,4,1,1,1,-3
"Gomez, Miguel ",25,0.267,15,4,3,1,0,0,-3
"Altherr, Aaron ",27,0.181,243,44,28,38,8,3,-3
"Avelino, Abiatal ",23,0.273,11,3,1,0,0,0,-3
"Blandino, Alex ",25,0.234,128,30,14,8,1,0,-3
"Bourjos, Peter ",31,0.205,44,9,5,4,1,0,-3
"Brinson, Lewis ",24,0.199,382,76,31,42,11,2,-3
"Nottingham, Jacob ",23,0.200,20,4,2,0,0,0,-3
"Reynolds, Matt ",27,0.154,13,2,1,1,0,0,-3
"Moran, Colin ",24,0.364,11,4,3,3,1,0,-3
"Raburn, Ryan ",36,0.262,65,17,7,6,2,0,-3
"Nicholas, Brett ",28,0.238,63,15,7,11,2,0,-3
"Norris, Derek ",28,0.201,179,36,21,24,9,1,-3
"Nunez, Renato ",23,0.200,15,3,1,3,1,0,-3
"Ohlman, Mike ",26,0.231,13,3,1,1,0,0,-3
"Orlando, Paulo ",31,0.198,86,17,9,6,2,1,-3
"Puello, Cesar ",26,0.206,34,7,6,3,0,2,-3
"Robinson, Shane M",32,0.194,31,6,7,1,0,2,-3
"Williams, Mason ",25,0.250,16,4,3,1,0,2,-3
"Ruggiano, Justin ",35,0.217,60,13,2,4,2,1,-3
"Smolinski, Jacob ",28,0.259,27,7,1,0,0,0,-3
"Soto, Geovany ",34,0.190,42,8,5,9,3,0,-3
"Stassi, Max ",26,0.167,24,4,5,4,2,0,-3
"Urshela, Giovanny ",25,0.224,156,35,14,15,1,0,-3
"Vogelbach, Daniel ",24,0.214,28,6,0,2,0,0,-3
"Castro, Daniel ",25,0.174,46,8,2,6,1,0,-3
"Cooper, Garrett ",27,0.212,33,7,2,2,0,0,-3
"Cozens, Dylan ",24,0.158,38,6,2,2,1,1,-3
"Ethier, Andre ",35,0.235,34,8,3,3,2,0,-3
"Herrmann, Chris ",29,0.181,226,41,35,27,10,5,-3
"Gutierrez, Franklin R",34,0.232,56,13,8,8,1,0,-3
"Freitas, David ",28,0.235,17,4,2,2,0,0,-3
"Federowicz, Tim ",29,0.231,13,3,3,3,2,0,-3
"Farmer, Kyle ",26,0.300,20,6,1,2,0,0,-3
"Evans, Phillip ",24,0.303,33,10,4,1,0,0,-3
"Eibner, Brett ",28,0.182,33,6,3,6,2,0,-3
"Cruz, Tony ",31,0.154,26,4,2,2,1,0,-3
"Crawford, J.P. ",22,0.214,70,15,8,6,0,1,-3
"Cordero, Franchy ",22,0.228,92,21,15,9,3,1,-3
"Caratini, Victor ",23,0.254,59,15,6,2,1,0,-3
"Blash, Jabari ",27,0.213,164,35,24,16,5,1,-3
"Bandy, Jett ",27,0.207,169,35,14,18,6,1,-3
"Anderson, Brian ",24,0.262,84,22,11,8,0,0,-3
"Huffman, Chad ",32,0.286,14,4,3,0,0,0,-3
"Luplow, Jordan ",23,0.205,78,16,6,11,3,0,-3
"Mesoraco, Devin ",29,0.213,141,30,17,14,6,1,-3
"Moroff, Max ",24,0.200,120,24,19,21,3,0,-3
"Norris, Derek ",28,0.201,179,36,21,24,9,1,-3
"Peterson, Jace ",27,0.215,186,40,15,17,2,3,-3
"Prado, Martin M",33,0.250,140,35,13,12,2,0,-3
"Raburn, Ryan ",36,0.262,65,17,7,6,2,0,-3
"Robles, Victor  ",20,0.250,24,6,2,4,0,0,-3
"Ruggiano, Justin ",35,0.217,60,13,2,4,2,1,-3
"Smith, Dominic ",22,0.198,167,33,17,26,9,0,-3
"Stallings, Jacob ",27,0.357,14,5,3,3,0,0,-3
"Vargas, Ildemaro ",25,0.308,13,4,4,4,0,0,-3
"Walker, Christian ",26,0.250,12,3,2,2,2,0,-3
"Williamson, Mac ",26,0.235,68,16,8,6,3,1,-3
"Federowicz, Tim ",30,0.225,40,9,5,4,1,0,-3
"Evans, Phillip ",25,0.143,21,3,1,1,0,1,-3
"Naquin, Tyler ",26,0.216,37,8,4,1,0,0,-3
"Marrero, Deven ",27,0.167,78,13,11,7,0,3,-3
"Montero, Miguel A",33,0.216,185,40,24,16,6,1,-3
"Canha, Mark ",28,0.208,173,36,16,14,5,2,-3
"Centeno, Juan ",27,0.231,52,12,5,4,2,0,-3
"Eibner, Brett ",28,0.182,33,6,3,6,2,0,-3
"Featherston, Taylor ",27,0.179,39,7,6,6,2,1,-3
"Garcia, Willy ",24,0.238,105,25,15,12,2,0,-3
"Hays, Austin ",21,0.217,60,13,4,8,1,0,-3
"Jones, JaCoby ",25,0.170,141,24,14,13,3,6,-3
"Kemp, Anthony ",25,0.216,37,8,6,4,0,1,-3
"Vazquez, Christian ",25,0.227,172,39,21,12,1,0,-4
"Sanchez, Carlos ",24,0.208,154,32,15,21,4,0,-4
"Sands, Jerry ",28,0.236,55,13,2,7,1,0,-4
"Solano, Donovan ",28,0.227,22,5,5,2,1,0,-4
"Teixeira, Mark ",36,0.204,387,79,43,44,15,2,-4
"Ellis, A.J. ",35,0.216,171,37,11,22,2,2,-4
"Williams, Mason ",24,0.296,27,8,4,2,0,0,-4
"Walding, Mitch ",25,0.059,17,1,1,2,1,0,-4
"Tauchman, Mike ",27,0.094,32,3,5,0,0,1,-4
"Sierra, Moises ",29,0.167,54,9,4,4,0,1,-4
"Reimold, Nolan ",32,0.222,203,45,25,15,6,1,-4
"Robertson, Daniel ",30,0.263,19,5,1,1,0,0,-4
"Moncada, Yoan ",21,0.211,19,4,3,1,0,0,-4
"Pinder, Chad ",24,0.235,51,12,4,4,1,0,-4
"Perez, Carlos ",25,0.209,268,56,25,31,5,1,-4
"Olivera, Hector ",31,0.211,19,4,2,2,0,0,-4
"Nunez, Renato ",22,0.133,15,2,0,1,0,0,-4
"Reyes, Jose B",35,0.189,228,43,30,16,4,5,-4
"Martinez, Michael ",33,0.238,101,24,16,4,1,0,-4
"Lake, Junior ",26,0.200,35,7,5,2,1,1,-4
"Kemp, Anthony ",24,0.217,120,26,15,7,1,2,-4
"Judge, Aaron ",24,0.179,84,15,10,10,4,0,-4
"Jones, JaCoby ",24,0.214,28,6,3,2,0,0,-4
"Jennings, Desmond ",29,0.200,200,40,22,20,7,2,-4
"Ruiz, Rio ",24,0.083,12,1,1,0,0,0,-4
"Reynolds, Matt ",26,0.230,113,26,12,5,1,0,-4
"Pena, Francisco ",28,0.203,133,27,10,8,2,1,-4
"Verdugo, Alex ",21,0.174,23,4,1,1,1,0,-4
"Arcia, Oswaldo ",25,0.203,202,41,17,23,8,1,-4
"Andino, Robert L",32,0.292,24,7,2,1,0,0,-4
"Ahmed, Nick ",26,0.218,284,62,26,20,4,5,-4
"Van Slyke, Scott ",29,0.225,102,23,10,7,1,1,-4
"Waldrop, Kyle ",24,0.227,22,5,1,1,0,0,-4
"Wilkins, Andrew ",27,0.125,24,3,3,3,1,1,-4
"De Aza, Alejandro ",32,0.205,234,48,31,25,6,4,-4
"Zagunis, Mark ",24,0.000,14,0,0,1,0,2,-4
"Wolters, Tony ",25,0.240,229,55,30,16,0,0,-4
"Weeks, Rickie ",34,0.216,97,21,13,8,2,1,-4
"Telis, Tomas ",26,0.240,104,25,13,9,0,0,-4
"Ngoepe, Gift ",28,0.056,18,1,2,0,0,0,-4
"Tauchman, Mike ",26,0.222,27,6,2,2,0,1,-4
"Szczur, Matthew ",27,0.226,195,44,28,18,3,0,-4
"Susac, Andrew ",27,0.083,12,1,0,0,0,0,-4
"Segedin, Robert ",28,0.200,20,4,3,1,0,0,-4
"Schimpf, Ryan ",29,0.158,165,26,24,25,14,0,-4
"Ruiz, Rio ",23,0.193,150,29,22,19,4,1,-4
"Robertson, Daniel ",31,0.225,80,18,9,7,1,0,-4
"Hoying, Jared ",27,0.217,46,10,8,5,0,1,-4
"Moroff, Max ",25,0.186,59,11,7,9,3,0,-4
"Newman, Kevin ",24,0.209,91,19,7,6,0,0,-4
"Infante, Omar ",34,0.239,134,32,16,11,0,0,-4
"Freeman, Michael ",28,0.227,22,5,1,1,0,0,-4
"Holaday, Bryan ",28,0.231,117,27,17,14,2,0,-4
"Knapp, Andrew ",26,0.198,187,37,19,15,4,1,-4
"De Aza, Alejandro ",33,0.194,62,12,8,9,0,1,-4
"Davis, Taylor ",27,0.231,13,3,1,1,0,0,-4
"Culberson, Charlie ",28,0.154,13,2,0,1,0,0,-4
"Cordoba, Allen Octavio ",21,0.208,202,42,17,15,4,2,-4
"Cecchini, Gavin ",23,0.208,77,16,4,7,1,0,-4
"Aviles, Mike ",36,0.233,86,20,5,8,1,0,-4
"Arroyo, Christian ",22,0.192,125,24,9,14,3,1,-4
"Montero, Miguel A",34,0.000,11,0,0,0,0,0,-4
"Luplow, Jordan ",24,0.185,92,17,16,7,3,2,-4
"Kramer, Kevin ",24,0.135,37,5,5,4,0,0,-4
"Kelly, Tyler ",29,0.091,11,1,1,0,0,0,-4
"Ellis, A.J. ",36,0.210,143,30,17,14,6,0,-4
"Holaday, Bryan ",30,0.205,151,31,7,16,1,0,-4
"Guerra, Javier  ",22,0.125,16,2,2,1,0,0,-4
"Gosselin, Phil ",29,0.125,24,3,5,2,1,0,-4
"Goins, Ryan ",30,0.226,115,26,10,6,0,0,-4
"Garcia, Jose Adolis ",25,0.118,17,2,3,1,0,0,-4
"Fowler, Dexter D",32,0.180,289,52,40,31,8,5,-4
"Butera, Drew ",34,0.190,163,31,13,21,3,0,-4
"Brito, Socrates ",25,0.175,40,7,3,3,1,0,-4
"Bostick, Christopher ",25,0.188,16,3,0,2,0,0,-4
"Almonte, Abraham ",29,0.179,134,24,15,9,3,2,-4
"Diaz, Elias ",26,0.223,188,42,18,19,1,1,-4
"Gomez, Miguel ",24,0.242,33,8,3,2,0,0,-4
"Gonzalez, Erik ",24,0.313,16,5,2,0,0,0,-4
"Choi, Ji-Man ",25,0.170,112,19,9,12,5,2,-4
"Gimenez, Chris P",33,0.216,139,30,17,11,4,0,-4
"Gamel, Benjamin ",24,0.188,48,9,9,5,1,0,-4
"Barnes, Brandon ",30,0.220,100,22,10,8,0,1,-4
"Flaherty, Ryan ",29,0.217,157,34,16,15,3,2,-4
"Fielder, Prince ",32,0.212,326,69,29,44,8,0,-4
"Dozier, Hunter ",24,0.211,19,4,4,1,0,0,-4
"Den Dekker, Matthew ",28,0.176,34,6,3,4,1,1,-4
"Davis, Ike ",29,0.214,14,3,2,1,0,0,-4
"Coats, Jason ",26,0.200,50,10,8,4,1,1,-4
"Clevenger, Steve S",30,0.221,68,15,7,7,1,0,-4
"Buss, Nicholas ",29,0.198,81,16,7,8,1,2,-4
"Jankowski, Travis ",26,0.187,75,14,10,1,0,4,-4
"Borbon, Julio ",30,0.308,13,4,1,0,0,0,-4
"Barnes, Brandon ",30,0.220,100,22,10,8,0,1,-4
"Andino, Robert L",32,0.292,24,7,2,1,0,0,-4
"Read, Raudy ",23,0.273,11,3,1,0,0,0,-4
"Ngoepe, Gift ",27,0.222,54,12,10,6,0,0,-4
"Negron, Kristopher ",31,0.160,25,4,3,1,0,0,-4
"Morse, Michael J",35,0.194,36,7,1,3,1,0,-4
"Moncrief, Carlos ",28,0.211,38,8,4,5,0,0,-4
"Mathis, Jeff ",34,0.215,186,40,13,11,2,1,-4
"Kelly, Tyler ",28,0.191,89,17,11,14,2,0,-4
"Asche, Cody ",26,0.213,197,42,22,18,4,3,-4
"Den Dekker, Matthew ",28,0.176,34,6,3,4,1,1,-4
"Bonifacio, Emilio ",31,0.211,38,8,6,3,0,1,-4
"Centeno, Juan ",28,0.162,37,6,3,3,1,0,-4
"Joseph, Corban ",29,0.222,18,4,1,3,0,0,-4
"Joseph, Caleb ",32,0.219,265,58,28,17,3,2,-4
"Hudson, Joe ",27,0.167,12,2,0,1,0,0,-4
"Gallagher, Cameron ",25,0.206,63,13,5,7,1,0,-4
"Frazier, Clint ",23,0.265,34,9,9,1,0,0,-4
"Fontana, Nolan ",27,0.091,11,1,1,1,1,0,-4
"Ciuffo, Nick ",23,0.189,37,7,3,5,1,0,-4
"Blash, Jabari ",28,0.103,39,4,4,1,0,2,-4
"Kozma, Pete ",30,0.217,69,15,7,8,1,0,-4
"Almonte, Abraham ",29,0.179,134,24,15,9,3,2,-4
"Ruiz, Carlos ",38,0.216,125,27,14,11,3,1,-4
"Romine, Austin ",28,0.218,229,50,19,21,2,0,-4
"Robertson, Daniel ",23,0.206,218,45,22,19,5,1,-4
"Robertson, Daniel ",31,0.225,80,18,9,7,1,0,-4
"Profar, Jurickson ",24,0.172,58,10,8,5,0,1,-4
"Perez, Carlos ",26,0.100,20,2,1,3,1,0,-4
"Joyce, Matt ",33,0.208,207,43,34,15,7,0,-4
"Lugo, Dawel  ",23,0.213,94,20,10,8,1,0,-4
"Middlebrooks, Will ",28,0.211,38,8,5,3,0,0,-4
"Ngoepe, Gift ",28,0.056,18,1,2,0,0,0,-4
"Ward, Taylor ",24,0.178,135,24,14,15,6,2,-4
"Vazquez, Christian ",27,0.207,251,52,24,16,3,4,-4
"Urshela, Giovanny ",26,0.233,43,10,7,3,1,0,-4
"Sucre, Jesus ",30,0.209,182,38,9,17,1,1,-4
"Rosales, Adam M",35,0.211,19,4,4,2,1,0,-4
"Robinson, Drew ",26,0.183,109,20,20,9,3,2,-4
"Powell, Boog ",25,0.167,24,4,3,0,0,1,-4
"Motter, Taylor ",28,0.147,34,5,2,2,1,1,-4
"Weeks, Rickie ",34,0.216,97,21,13,8,2,1,-4
"Moore, Adam ",34,0.222,18,4,2,2,1,0,-4
"Montero, Miguel A",34,0.000,11,0,0,0,0,0,-4
"Machado, Dixon ",26,0.206,214,44,20,21,1,1,-4
"Rutledge, Josh ",28,0.224,107,24,10,9,0,1,-4
"Sardinas, Luis ",24,0.163,49,8,3,1,0,1,-4
"Smith, Tyler ",26,0.188,16,3,2,1,0,0,-4
"Tejada, Ruben ",27,0.230,113,26,17,5,0,0,-4
"Navarro Jr, Efren ",31,0.230,61,14,9,2,2,0,-4
"Greiner, Grayson ",25,0.219,96,21,9,12,0,0,-4
"Mejia, Francisco  ",21,0.154,13,2,1,1,0,0,-4
"Infante, Omar ",34,0.239,134,32,16,11,0,0,-4
"Norris, Derek ",27,0.186,415,77,50,42,14,9,-4
"Noonan, Nick ",27,0.167,18,3,0,1,0,0,-4
"Lobaton, Jose M",31,0.232,99,23,10,8,3,0,-4
"Kivlehan, Patrick ",26,0.190,21,4,5,2,1,0,-4
"Kelly, Tyler ",27,0.241,58,14,9,7,1,0,-4
"Johnson, Chris ",31,0.222,243,54,20,24,5,0,-4
"Jennings, Desmond ",29,0.200,200,40,22,20,7,2,-4
"Hernandez, Oscar ",22,0.182,11,2,1,1,1,0,-4
"Pena, Brayan ",34,0.154,13,2,0,0,0,0,-4
"Hanson, Alen ",23,0.226,31,7,5,1,0,2,-4
"Florimon Jr., Pedro A",29,0.208,24,5,4,4,0,0,-4
"Ethier, Andre ",34,0.208,24,5,2,2,1,0,-4
"Martinez, Michael ",34,0.162,37,6,2,0,0,0,-4
"Brito, Socrates ",23,0.179,95,17,10,12,4,2,-4
"Cardullo, Stephen ",28,0.214,56,12,5,6,2,0,-4
"Davis, Ike ",29,0.214,14,3,2,1,0,0,-4
"Olivera, Hector ",31,0.211,19,4,2,2,0,0,-4
"Elmore, Jake ",29,0.218,78,17,7,4,0,2,-4
"Valaika, Pat ",23,0.263,19,5,3,2,1,0,-4
"Garver, Mitch ",26,0.196,46,9,5,3,0,0,-4
"Aviles, Mike ",36,0.233,86,20,5,8,1,0,-4
"Marte, Jefry ",26,0.173,127,22,10,14,4,1,-4
"Holaday, Bryan ",29,0.241,29,7,1,2,0,0,-4
"Graterol, Juan ",28,0.202,84,17,5,10,0,0,-4
"Goodrum, Niko ",25,0.059,17,1,1,0,0,0,-4
"Hannemann, Jacob ",26,0.150,20,3,3,1,1,0,-4
"Fontana, Nolan ",26,0.050,20,1,1,1,1,1,-4
"Butera, Drew ",33,0.227,163,37,18,14,3,0,-4
"Flaherty, Ryan ",30,0.211,38,8,5,4,0,0,-4
"Decker, Jaff ",27,0.200,50,10,4,1,0,1,-4
"Nava, Daniel ",33,0.223,130,29,11,13,1,0,-5
"Eibner, Brett ",27,0.193,187,36,21,22,6,0,-5
"Avila, Alex ",29,0.213,169,36,19,11,7,0,-5
"Beresford, James ",27,0.227,22,5,0,0,0,0,-5
"Brignac, Reid ",30,0.207,29,6,3,1,0,0,-5
"Canha, Mark ",27,0.122,41,5,4,6,3,0,-5
"Colon, Christian ",27,0.231,147,34,13,13,1,0,-5
"Cowgill, Collin ",30,0.083,12,1,0,0,0,0,-5
"Janish, Paul ",33,0.194,31,6,3,0,0,0,-5
"Gallo, Joey ",22,0.040,25,1,2,1,1,1,-5
"Motter, Taylor ",26,0.188,80,15,11,9,2,0,-5
"Marrero, Deven ",25,0.083,12,1,0,0,0,0,-5
"Pedroia, Dustin L",34,0.091,11,1,1,0,0,0,-5
"Olson, Matt ",22,0.095,21,2,3,0,0,0,-5
"Navarro, Dioner F",32,0.207,304,63,26,35,6,1,-5
"McBride, Matt ",31,0.209,43,9,4,2,0,0,-5
"Moran, Colin ",23,0.130,23,3,1,2,0,0,-5
"Pennington, Cliff ",34,0.138,29,4,1,0,0,0,-5
"Freitas, David ",29,0.215,93,20,9,5,1,0,-5
"Maxwell III, Bruce ",27,0.182,55,10,5,6,1,0,-5
"Martin, Russell N",35,0.194,289,56,37,25,10,0,-5
"Pennington, Cliff ",32,0.209,172,36,18,10,3,1,-5
"Uribe, Juan ",37,0.206,238,49,19,25,7,0,-5
"Taylor, Chris ",25,0.213,61,13,8,7,1,0,-5
"Stewart, Chris D",34,0.214,98,21,10,7,1,0,-5
"Schafer, Logan ",29,0.238,63,15,8,1,0,0,-5
"Rosario, Alberto ",29,0.184,38,7,3,2,0,0,-5
"Alberto, Hanser ",25,0.185,27,5,0,0,0,0,-5
"Alford, Anthony ",23,0.105,19,2,3,1,0,1,-5
"Beckham, Gordon ",31,0.182,44,8,3,1,0,1,-5
"Buxton, Byron ",24,0.156,90,14,8,4,0,5,-5
"Cuthbert, Cheslor ",25,0.194,103,20,11,7,3,0,-5
"Drury, Brandon ",25,0.169,77,13,5,10,1,0,-5
"Haase, Eric ",25,0.125,16,2,0,1,0,0,-5
"Hermosillo, Michael ",23,0.211,57,12,7,1,1,0,-5
"Higashioka, Kyle ",28,0.167,72,12,6,6,3,0,-5
"Pena, Francisco ",26,0.200,40,8,5,3,1,0,-5
"Ryan, Brendan W",34,0.077,13,1,1,0,0,0,-5
"Querecuto, Juniel ",23,0.091,11,1,1,2,0,0,-5
"Stassi, Brock ",27,0.167,78,13,6,7,2,0,-5
"Pierzynski, A.J. ",39,0.219,247,54,15,23,2,1,-5
"Reed, Michael ",23,0.182,22,4,3,0,0,1,-5
"Renda, Tony ",25,0.183,60,11,4,3,0,0,-5
"Rivera, Yadiel ",24,0.212,66,14,12,3,0,0,-5
"Rondon, Jose ",22,0.120,25,3,1,1,0,0,-5
"Wallach, Chad ",25,0.091,11,1,0,0,0,0,-5
"Van Slyke, Scott ",30,0.122,41,5,6,3,2,1,-5
"Thompson, Trayce ",26,0.122,49,6,6,2,1,0,-5
"Taijeron, Travis ",28,0.173,52,9,3,3,1,0,-5
"Stubbs, Drew ",32,0.091,22,2,0,0,0,0,-5
"Severino, Pedro ",23,0.172,29,5,0,3,0,0,-5
"O Brien, Peter ",25,0.141,64,9,6,9,5,0,-5
"Saltalamacchia, Jarrod ",32,0.040,25,1,1,0,0,0,-5
"Perkins, Cameron ",26,0.182,88,16,9,8,1,0,-5
"Peralta, Jhonny ",35,0.204,54,11,3,0,0,0,-5
"Ortiz, Danny ",27,0.083,12,1,1,0,0,0,-5
"Nieuwenhuis, Kirk ",29,0.115,26,3,3,1,1,0,-5
"McMahon, Ryan ",22,0.158,19,3,2,1,0,0,-5
"Kozma, Pete ",29,0.111,45,5,6,2,1,0,-5
"Kim, Hyun-Soo ",29,0.231,212,49,20,14,1,0,-5
"Janish, Paul ",34,0.077,26,2,0,3,0,0,-5
"Hwang, Jae-gyun ",29,0.154,52,8,2,5,1,0,-5
"Paulsen, Benjamin ",28,0.217,92,20,8,11,1,0,-5
"Maldonado, Martin ",29,0.202,208,42,21,21,8,1,-5
"Cardullo, Stephen ",29,0.143,28,4,2,3,0,0,-5
"Higashioka, Kyle ",27,0.000,18,0,2,0,0,0,-5
"Peralta, Jhonny ",35,0.204,54,11,3,0,0,0,-5
"Kozma, Pete ",29,0.111,45,5,6,2,1,0,-5
"Jimenez, A.J. ",27,0.083,12,1,0,0,0,0,-5
"Refsnyder, Rob ",26,0.170,88,15,8,0,0,4,-5
"Saltalamacchia, Jarrod ",32,0.040,25,1,1,0,0,0,-5
"Saunders, Michael ",30,0.202,218,44,26,21,6,0,-5
"Stubbs, Drew ",32,0.091,22,2,0,0,0,0,-5
"Wade, Tyler ",22,0.155,58,9,7,2,0,1,-5
"Janish, Paul ",34,0.077,26,2,0,3,0,0,-5
"Holt, Brock ",29,0.200,140,28,20,7,0,2,-5
"Adames, Cristhian ",24,0.218,225,49,25,17,2,2,-5
"Lalli, Blake ",33,0.154,13,2,0,1,0,0,-5
"Alfaro, Jorge ",23,0.125,16,2,0,0,0,0,-5
"Asuaje, Carlos ",24,0.208,24,5,2,2,0,0,-5
"Blash, Jabari ",27,0.169,71,12,7,5,3,1,-5
"Brignac, Reid ",30,0.207,29,6,3,1,0,0,-5
"Candelario, Jeimer ",22,0.091,11,1,0,0,0,0,-5
"Featherston, Taylor ",26,0.115,26,3,2,1,0,2,-5
"Federowicz, Tim ",28,0.194,31,6,3,3,0,0,-5
"Figueroa, Cole ",29,0.154,26,4,0,3,0,1,-5
"Kelly, Carson ",21,0.154,13,2,1,1,0,0,-5
"Kelly, Don ",36,0.148,27,4,2,3,0,0,-5
"Hardy, J.J. ",34,0.217,254,55,24,24,4,0,-5
"Calixte, Orlando ",25,0.143,49,7,5,6,0,1,-5
"Robinson, Shane M",31,0.173,98,17,16,10,1,3,-5
"Valentin, Jesmuel ",24,0.177,79,14,8,6,1,0,-5
"Kelly, Carson ",23,0.114,35,4,1,3,0,0,-5
"Lobaton, Jose M",33,0.143,49,7,3,4,0,0,-5
"Nido, Tomas ",24,0.167,84,14,10,9,1,0,-5
"Reinheimer, Jack ",25,0.167,30,5,4,0,0,1,-5
"Rivera, Yadiel ",26,0.173,139,24,13,9,1,2,-5
"Rodriguez, Sean ",33,0.167,150,25,21,19,5,1,-5
"Shuck, J.B. B",31,0.192,130,25,10,4,0,2,-5
"Sierra, Magneuris ",22,0.190,147,28,10,7,0,3,-5
"Tomlinson, Kelby ",28,0.207,140,29,9,10,0,0,-5
"Wilson, Bobby L",35,0.178,135,24,12,16,2,0,-5
"Den Dekker, Matthew ",30,0.000,18,0,0,1,0,0,-5
"Wolters, Tony ",26,0.170,182,31,19,27,3,2,-5
"Vogelbach, Daniel ",23,0.083,12,1,0,0,0,0,-5
"Uribe, Juan ",37,0.206,238,49,19,25,7,0,-5
"Stassi, Max ",25,0.077,13,1,1,0,0,0,-5
"Smith, Kevan ",28,0.125,16,2,2,0,0,0,-5
"Shuck, J.B. B",29,0.205,224,46,27,14,4,3,-5
"Schafer, Logan ",29,0.238,63,15,8,1,0,0,-5
"Saltalamacchia, Jarrod ",31,0.171,246,42,30,38,12,0,-5
"Phegley, Joshua ",29,0.201,149,30,14,10,3,0,-5
"Brinson, Lewis ",23,0.106,47,5,2,3,2,1,-5
"Dixon, Brandon ",26,0.178,118,21,14,10,5,0,-5
"Bandy, Jett ",28,0.188,64,12,5,1,1,0,-5
"Torres, Ramon ",25,0.179,28,5,4,1,0,0,-5
"Blanco, Andres ",33,0.192,130,25,10,13,3,1,-5
"Bautista, Rafael ",24,0.160,25,4,2,0,0,0,-5
"Adames, Cristhian ",25,0.000,13,0,1,0,0,0,-5
"Garneau, Dustin ",29,0.188,112,21,10,9,2,0,-5
"Franklin, Nick ",26,0.179,106,19,9,12,2,2,-5
"Collins, Tyler ",27,0.197,147,29,18,14,5,0,-5
"Coghlan, Chris ",32,0.200,75,15,7,5,1,0,-5
"Wilkerson, Steve ",26,0.174,46,8,2,3,0,1,-5
"Asuaje, Carlos ",26,0.196,189,37,15,19,2,1,-5
"Wade, Tyler ",23,0.167,66,11,8,5,1,1,-5
"Tocci, Carlos ",22,0.225,120,27,11,5,0,0,-5
"Suzuki, Ichiro ",44,0.205,44,9,5,0,0,0,-5
"Smolinski, Jacob ",29,0.128,39,5,2,2,0,1,-5
"Sardinas, Luis ",25,0.111,18,2,2,1,1,0,-5
"Santander, Anthony ",23,0.198,101,20,8,6,1,1,-5
"Romine, Andrew ",32,0.210,119,25,15,2,0,1,-5
"Robinson, Shane M",33,0.143,49,7,8,2,1,1,-5
"Refsnyder, Rob ",27,0.167,84,14,10,5,2,0,-5
"Phillips, Brett ",24,0.187,134,25,15,11,2,1,-5
"Phillips, Brandon ",37,0.130,23,3,4,2,1,0,-5
"Coghlan, Chris ",32,0.200,75,15,7,5,1,0,-5
"Avila, Alex ",31,0.165,194,32,13,20,7,0,-6
"Headley, Chase ",34,0.115,52,6,2,4,0,0,-6
"Mathis, Jeff ",35,0.200,195,39,15,20,1,0,-6
"Sogard, Eric ",32,0.134,97,13,7,2,0,3,-6
"Hill, Aaron ",35,0.132,68,9,7,7,1,0,-6
"Bonifacio, Emilio ",32,0.132,38,5,2,3,0,0,-6
"Gosewisch, Tuffy ",33,0.071,28,2,1,0,0,0,-6
"Colon, Christian ",28,0.160,50,8,4,0,0,0,-6
"Crawford, Carl ",34,0.185,81,15,8,6,0,0,-6
"Alcantara, Arismendy ",25,0.171,105,18,13,7,1,2,-6
"Hanigan, Ryan ",35,0.171,105,18,9,14,1,0,-6
"Iannetta, Chris ",33,0.210,295,62,23,24,7,0,-6
"Perez, Roberto ",27,0.183,153,28,14,17,3,0,-6
"Presley, Alex ",30,0.198,121,24,12,11,3,0,-6
"Soler, Jorge ",25,0.144,97,14,7,6,2,0,-6
"Plouffe, Trevor ",31,0.198,283,56,31,19,9,1,-6
"May, Jacob ",25,0.056,36,2,2,3,0,0,-6
"Heisey, Chris ",32,0.162,74,12,8,5,1,0,-6
"Gosselin, Phil ",28,0.146,48,7,3,2,0,0,-6
"Espinosa, Danny ",30,0.173,266,46,30,31,6,4,-6
"Gillaspie, Conor ",29,0.163,80,13,8,8,2,0,-6
"Aviles, Mike ",35,0.210,167,35,17,6,1,2,-6
"Barnes, Austin ",26,0.156,32,5,3,2,0,0,-6
"Campbell, Eric ",29,0.173,75,13,9,9,1,1,-6
"Weeks, Jemile ",29,0.140,50,7,5,2,0,1,-6
"Venable, Will ",33,0.056,18,1,2,0,0,0,-6
"Tejada, Ruben ",26,0.167,66,11,9,5,0,0,-6
"Pirela, Jose ",26,0.154,39,6,2,0,0,0,-6
"Middlebrooks, Will ",27,0.111,27,3,2,1,0,0,-6
"Hernandez, Enrique ",24,0.190,216,41,25,18,7,2,-6
"Hedges, Austin ",23,0.125,24,3,2,1,0,0,-6
"Goeddel, Tyler ",23,0.192,213,41,17,16,4,3,-6
"Gentry, Craig ",32,0.147,34,5,2,2,0,0,-6
"Freeman, Michael ",29,0.100,60,6,6,1,1,0,-6
"Flores, Ramon ",24,0.205,249,51,18,19,2,3,-6
"Heisey, Chris ",32,0.162,74,12,8,5,1,0,-6
"Tucker, Kyle ",21,0.141,64,9,10,4,0,1,-6
"Sisco, Chance ",23,0.181,160,29,13,16,2,1,-6
"Rasmus, Colby ",31,0.133,45,6,5,1,1,0,-6
"Perez, Carlos ",27,0.143,70,10,1,3,1,1,-6
"Marjama, Mike ",28,0.111,27,3,1,0,0,0,-6
"Conger, Hank ",28,0.194,124,24,6,10,3,0,-6
"Ceciliani, Darrell ",26,0.111,27,3,2,1,0,0,-6
"Aviles, Mike ",35,0.210,167,35,17,6,1,2,-6
"Alberto, Hanser ",23,0.143,56,8,2,5,0,1,-6
"Hill, Aaron ",35,0.132,68,9,7,7,1,0,-6
"Ackley, Dustin ",28,0.148,61,9,6,4,0,0,-6
"Headley, Chase ",34,0.115,52,6,2,4,0,0,-6
"Cordell, Ryan ",26,0.108,37,4,3,4,1,0,-6
"Castro, Jason ",31,0.143,63,9,4,3,1,0,-6
"Cowart, Kaleb ",24,0.176,85,15,8,8,1,0,-6
"Crawford, Carl ",34,0.185,81,15,8,6,0,0,-6
"Cunningham, Todd ",27,0.148,27,4,5,1,0,0,-6
"Decker, Jaff ",26,0.154,52,8,1,1,0,1,-6
"Dominguez, Matt ",26,0.000,11,0,0,0,0,0,-6
"Gentry, Craig ",32,0.147,34,5,2,2,0,0,-6
"Stevenson, Andrew ",23,0.158,57,9,5,1,0,1,-6
"Rodriguez, Sean ",32,0.167,132,22,18,8,5,1,-6
"Murphy, Tom ",26,0.042,24,1,1,1,0,0,-6
"Mejia, Alex ",26,0.109,46,5,6,3,1,0,-6
"Kelly, Carson ",22,0.174,69,12,5,6,0,0,-6
"Susac, Andrew ",28,0.115,26,3,1,0,0,0,-6
"Severino, Pedro ",24,0.168,190,32,14,15,2,1,-7
"Ladendorf, Tyler ",28,0.083,48,4,6,1,0,2,-7
"Walsh, Colin ",26,0.085,47,4,4,2,0,0,-7
"Reed, A.J. ",23,0.164,122,20,11,8,3,0,-7
"Muncy, Max ",25,0.186,113,21,13,8,2,0,-7
"Mahtook, Mikie ",26,0.195,185,36,16,11,3,0,-7
"Colabello, Chris ",32,0.069,29,2,0,1,0,0,-7
"Casali, Curtis ",27,0.186,226,42,23,25,8,0,-7
"Mesoraco, Devin ",28,0.140,50,7,2,1,0,0,-7
"Valaika, Pat ",25,0.156,122,19,8,5,2,0,-7
"Burriss, Emmanuel ",31,0.111,45,5,3,0,0,1,-7
"Plawecki, Kevin  ",25,0.197,132,26,6,11,1,0,-7
"Perez, Roberto ",29,0.168,179,30,16,19,2,1,-7
"Orlando, Paulo ",32,0.167,90,15,6,5,0,0,-7
"Gerber, Mike ",25,0.095,42,4,2,2,0,0,-7
"Davis, J.D. ",25,0.175,103,18,9,5,1,0,-7
"Turner, Stuart ",25,0.134,82,11,4,7,2,0,-7
"Lobaton, Jose M",32,0.170,141,24,11,11,4,0,-7
"Fryer, Eric ",31,0.155,71,11,7,3,0,0,-7
"Maile, Luke ",26,0.146,130,19,10,7,2,1,-7
"Fryer, Eric ",31,0.155,71,11,7,3,0,0,-7
"Castro, Daniel ",23,0.200,130,26,8,7,0,1,-7
"Asche, Cody ",27,0.105,57,6,5,4,1,0,-7
"Wallace, Brett ",29,0.189,217,41,19,20,6,0,-7
"Engel, Adam ",25,0.166,301,50,34,21,6,8,-7
"Pacheco, Jordan ",30,0.157,51,8,1,0,0,0,-7
"Hunter, Cedric ",28,0.088,34,3,3,1,1,0,-7
"Gosewisch, Tuffy ",32,0.156,90,14,8,7,3,0,-7
"Coghlan, Chris ",31,0.188,261,49,35,30,6,2,-7
"Stewart, Chris D",35,0.183,131,24,8,4,0,0,-8
"Davis, Chris ",32,0.168,470,79,40,49,16,2,-8
"Cowart, Kaleb ",26,0.134,112,15,7,10,1,1,-8
"Tucker, Preston ",25,0.164,134,22,11,8,4,0,-8
"Thole, Josh ",29,0.169,118,20,7,7,1,0,-8
"Torrens, Luis ",21,0.163,123,20,7,7,0,0,-8
"Jones, Ryder ",23,0.173,150,26,12,5,2,1,-8
"Leon, Sandy ",29,0.177,265,47,30,22,5,1,-8
"Murphy, John Ryan",25,0.146,82,12,4,3,1,0,-8
"Joseph, Caleb ",30,0.174,132,23,7,0,0,0,-8
"Gomes, Yan ",28,0.167,251,42,22,34,9,0,-8
"Goins, Ryan ",28,0.186,183,34,13,12,3,1,-8
"Thompson, Trayce ",27,0.117,128,15,15,9,3,3,-8
"Saladino, Tyler ",27,0.179,252,45,23,10,0,5,-9
"Kratz, Erik ",36,0.094,85,8,3,4,1,0,-10
